date,ret_1d,ret_2d,ret_5d,ret_10d,ret_21d,rsi,macd,atr,stoch,ultosc,pe,pb,ps,evebitda,marketcap_log,roe,roa,debt_equity,revenue_growth,fcf_yield,close
2022-01-26,0.04755616,-0.00317614,0.03217027,-0.04143151,-0.03354941,48.6394,-7.23987734,18.894032,-16.1824,24.2388,,,,,,,,,,,433.11
2022-01-27,-0.05011198,-0.00493895,-0.06517758,-0.0347182,-0.12420224,44.9313,-7.609404,18.411601,20.9271,10.8763,,,,,,,,,,,411.406
2022-01-27,0.04839259,-0.00414444,0.04059707,-0.03418201,-0.0401507,48.7881,-7.72811391,19.24963,-15.574,18.433,,,,,,,,,,,431.315
2022-01-28,-0.0224685,0.02483678,-0.02961173,0.00906576,-0.10502229,47.0603,-7.82039409,18.887513,-0.3919,9.8465,,,,,,,,,,,421.624
2022-01-28,0.04820883,0.02465715,0.06893733,0.00899523,-0.00274164,50.9814,-7.54915742,18.993119,-27.3976,22.5256,,,,,,,,,,,441.95
2022-01-31,-0.02880869,0.01801131,-0.00898617,0.02289501,-0.07653349,48.5554,-7.25021968,18.384325,4.4889,11.9977,,,,,,,,,,,429.218
2022-01-31,0.04798727,0.01779613,0.09336033,0.02209775,0.01459131,52.4938,-6.60445243,18.575588,-39.5939,26.8741,,,,,,,,,,,449.815
2022-02-01,-0.03934284,0.00675647,0.00186175,0.0425344,-0.06987386,49.0213,-6.04244377,17.72676,17.1972,14.2608,,,,,,,,,,,432.118
2022-02-01,0.04802392,0.00679168,0.07410868,0.04230247,0.03989713,52.9515,-5.21753679,17.994991,-20.7989,31.9262,,,,,,,,,,,452.87
2022-02-02,-0.03655574,0.00971262,-0.01275031,0.05530804,-0.04421687,49.6622,-4.52332677,17.084635,16.3968,15.4245,,,,,,,,,,,436.315
2022-02-02,0.04784387,0.00953916,0.06516968,0.05559789,0.06083212,53.5781,-3.60406869,17.421804,-18.2601,29.3187,,,,,,,,,,,457.19
2022-02-03,-0.06808985,-0.02350366,-0.0528106,0.03561932,-0.05703473,47.6278,-3.08039045,16.997389,48.6546,7.2545,,,,,,,,,,,426.06
2022-02-03,0.04785711,-0.02349133,0.03316687,0.03509036,0.04750553,51.4325,-2.49977469,17.701861,-9.8979,22.639,,,,,,,,,,,446.45
2022-02-04,-0.0411849,0.00470122,-0.05477731,0.0152719,-0.04146402,48.043,-2.20156478,17.076728,18.7202,4.3176,,,,,,,,,,,428.063
2022-02-04,0.048327,0.00515175,0.02850005,0.01538636,0.07398597,51.8849,-1.76092724,17.621748,-25.2882,21.7656,,,,,,,,,,,448.75
2022-02-07,-0.049161,-0.00320981,-0.06671406,-0.00589211,-0.02584644,47.8237,-1.60207463,16.730194,25.7811,2.2122,,,,,,,,,,,426.689
2022-02-07,0.04816389,-0.0033649,0.04971131,-0.00572458,0.06584432,51.6226,-1.296636,17.268823,-20.9472,20.403,,,,,,,,,,,447.24
2022-02-08,-0.03810035,0.00822848,-0.03639825,-0.0044386,-0.02247268,48.4713,-1.18423966,16.513907,14.9037,2.4115,,,,,,,,,,,430.2
2022-02-08,0.04786146,0.00793757,0.05309265,-0.00459293,0.08758275,52.2633,-0.86752993,16.881486,-16.0059,22.2464,,,,,,,,,,,450.79
2022-02-09,-0.03170656,0.01463738,-0.02730474,0.00041713,0.00461921,49.538,-0.66542218,16.182094,34.8754,4.9787,,,,,,,,,,,436.497
2022-02-09,0.04791098,0.01468533,0.07199858,0.0004812,0.10633018,53.3695,-0.2105682,16.547158,-49.5044,24.1519,,,,,,,,,,,457.41
2022-02-10,-0.06286483,-0.01796576,-0.04155487,0.00609069,-0.01028607,47.9756,-0.0794313,16.115933,96.3335,3.0386,,,,,,,,,,,428.655
2022-02-10,0.04834891,-0.01755537,0.04458391,0.00656288,0.09230298,51.7599,0.17276792,17.038009,-29.6128,22.4322,,,,,,,,,,,449.38
2022-02-11,-0.06492946,-0.01971982,-0.06785421,-0.01836412,-0.02576539,46.6185,0.02171422,16.725651,42.6787,2.7274,,,,,,,,,,,420.202
2022-02-11,0.04811495,-0.01993858,0.00898746,-0.01856267,0.04458,50.3022,-0.05165521,17.76939,-24.8285,17.9785,,,,,,,,,,,440.42
2022-02-14,-0.04902593,-0.00326986,-0.08434883,-0.01842325,-0.05231814,46.6035,-0.41685752,16.947291,18.8772,2.1133,,,,,,,,,,,418.828
2022-02-14,0.04790033,-0.00347396,0.02387701,-0.01867007,0.022534,50.2629,-0.62480292,17.36227,-32.3139,17.1601,,,,,,,,,,,438.89
2022-02-15,-0.03031967,0.01612834,-0.05295518,-0.01073222,-0.05387104,47.9172,-0.93416326,16.649965,9.6894,2.6715,,,,,,,,,,,425.583
2022-02-15,0.04795069,0.01617717,0.06137048,-0.01064797,0.03210234,51.6442,-0.96316042,16.938325,-40.6788,20.0985,,,,,,,,,,,445.99
2022-02-16,-0.0446871,0.00112082,-0.03260524,-0.02391082,-0.05920021,48.0294,-1.13068756,16.16523,28.7681,4.1644,,,,,,,,,,,426.06
2022-02-16,0.04839694,0.00154712,0.06649985,-0.02345817,0.02375577,51.7893,-1.04470345,16.572714,-31.5143,23.7558,,,,,,,,,,,446.68
2022-02-17,-0.06653757,-0.02136084,-0.04996924,-0.02728535,-0.08799624,46.5605,-1.27613092,16.121806,57.412,2.8157,,,,,,,,,,,416.959
2022-02-17,0.04801671,-0.02171577,0.02677974,-0.02759357,0.02563019,50.2075,-1.37204209,16.882462,-15.2632,21.0882,,,,,,,,,,,436.98
2022-02-18,-0.05199551,-0.00647546,-0.07114734,-0.0141432,-0.07210438,46.3423,-1.73735958,16.165144,20.3228,1.5217,,,,,,,,,,,414.259
2022-02-18,0.04830553,-0.00620166,0.01926959,-0.01396394,0.0145002,49.9936,-1.92916156,16.751991,-26.4235,18.0574,,,,,,,,,,,434.27
2022-02-22,-0.0563175,-0.01073242,-0.0825356,-0.02152435,-0.08676769,45.884,-2.38795301,16.243991,14.2346,0.0815,,,,,,,,,,,409.813
2022-02-22,0.04823419,-0.01079973,0.03026916,-0.0212126,0.00677543,49.4975,-2.66922412,16.918492,-23.2887,16.8973,,,,,,,,,,,429.58
2022-02-23,-0.06293822,-0.0177398,-0.07880681,-0.0541375,-0.09993963,45.0651,-3.24976006,16.560742,29.5366,-1.6269,,,,,,,,,,,402.543
2022-02-23,0.04845942,-0.01752875,0.01880707,-0.05367833,-0.01894468,48.6387,-3.66880709,17.569047,-17.6962,15.5071,,,,,,,,,,,422.05
2022-02-24,-0.03186589,0.01504932,-0.05910839,-0.0409778,-0.09358903,46.3977,-4.17087785,17.6084,-16.2583,8.4388,,,,,,,,,,,408.601
2022-02-24,0.04823532,0.01483237,0.04513522,-0.04112564,-0.01875614,50.0311,-4.37471504,17.787015,-32.4275,23.4022,,,,,,,,,,,428.31
2022-02-25,-0.02496556,0.02206554,-0.02784813,0.00157809,-0.08699635,48.1251,-4.54156944,17.229371,1.4941,12.1255,,,,,,,,,,,417.617
2022-02-25,0.04796979,0.02180664,0.08721304,0.00153325,0.02098424,51.8278,-4.34653097,17.441416,-26.1686,26.7603,,,,,,,,,,,437.65
2022-02-28,-0.04821661,-0.00255976,-0.01303637,0.00552553,-0.07306066,47.9457,-4.26165278,16.731315,19.717,13.7958,,,,,,,,,,,416.548
2022-02-28,0.04787443,-0.00265052,0.06825485,0.00511203,0.03876231,51.6328,-3.92239424,17.080649,-18.6257,30.4742,,,,,,,,,,,436.49
2022-03-01,-0.06022131,-0.01522994,-0.04227312,0.00095409,-0.06860724,46.9156,-3.85191736,16.579174,30.1447,15.8716,,,,,,,,,,,410.204
2022-03-01,0.04808827,-0.01502898,0.02948395,0.00081475,0.0265073,50.5655,-3.63010602,17.319662,-22.3498,25.8094,,,,,,,,,,,429.93
2022-03-02,-0.02833019,0.01839573,-0.04547012,0.03777733,-0.04816697,48.3547,-3.51111994,16.781829,6.2088,11.0679,,,,,,,,,,,417.75
2022-03-02,0.04797127,0.01828205,0.05099532,0.03729416,0.02868301,52.068,-3.13509114,17.14527,-31.1443,25.4294,,,,,,,,,,,437.79
2022-03-03,-0.05052422,-0.00497666,-0.0476964,0.01730294,-0.06798134,47.9684,-2.9634152,16.44275,28.2634,6.6833,,,,,,,,,,,415.671
2022-03-03,0.04830503,-0.00465977,0.06227633,0.0173706,0.02274328,51.6871,-2.60172029,17.083554,-18.3145,22.7557,,,,,,,,,,,435.75
2022-03-04,-0.05383133,-0.00812662,-0.04102296,-0.01274852,-0.07698352,47.423,-2.50819868,16.425443,29.3567,6.6772,,,,,,,,,,,412.293
2022-03-04,0.04816235,-0.00826162,0.03447038,-0.01256712,0.03643284,51.1007,-2.26514195,16.756983,-17.7847,24.6214,,,,,,,,,,,432.15
2022-03-07,-0.07407382,-0.02947904,-0.08600242,-0.03939282,-0.08430821,45.5672,-2.44665501,16.484484,48.3447,3.6204,,,,,,,,,,,400.139
2022-03-07,0.04831071,-0.02934166,0.00913944,-0.03899287,0.01257909,49.1483,-2.57077376,17.569235,11.6917,17.8267,,,,,,,,,,,419.47
2022-03-08,-0.0533149,-0.00757987,-0.08868388,-0.03193045,-0.0855781,45.425,-3.00335759,17.177861,34.8736,-0.7088,,,,,,,,,,,397.106
2022-03-08,0.04835988,-0.00753332,0.00974307,-0.03167958,0.01585357,48.998,-3.29337073,18.100443,-25.9876,15.0267,,,,,,,,,,,416.31
2022-03-09,-0.0205568,0.02680896,-0.05645725,-0.02393297,-0.05081242,47.5054,-3.607852,17.750411,-2.678,4.0744,,,,,,,,,,,407.752
2022-03-09,0.04830878,0.02675891,0.06825378,-0.02361863,0.06187414,51.191,-3.59869067,18.035953,-39.5511,18.2661,,,,,,,,,,,427.45
2022-03-10,-0.05038952,-0.004515,-0.03232412,-0.02348011,-0.03823955,47.2819,-3.72259672,17.248385,29.9859,4.8859,,,,,,,,,,,405.911
2022-03-10,0.04821008,-0.00460873,0.07145195,-0.02356856,0.04130925,50.9469,-3.60271493,17.480929,-22.5715,21.2907,,,,,,,,,,,425.48
2022-03-11,-0.05812259,-0.01271461,-0.03737599,-0.02799708,-0.06434592,46.5433,-3.72265745,16.892291,38.3365,4.3814,,,,,,,,,,,400.75
2022-03-11,0.04820961,-0.01271505,0.03020954,-0.02795326,0.0058738,50.1672,-3.6699056,17.682842,-17.8402,20.7185,,,,,,,,,,,420.07
2022-03-14,-0.05296498,-0.0073088,-0.06931571,-0.00579299,-0.09100651,46.2765,-3.85828295,17.045496,32.3346,4.1897,,,,,,,,,,,397.821
2022-03-14,0.0480593,-0.00745114,0.02717098,-0.00603142,0.00094107,49.8741,-3.87409408,17.734318,-22.5079,17.089,,,,,,,,,,,416.94
2022-03-15,-0.02487408,0.02198979,-0.04444627,0.02382991,-0.06854911,47.9965,-3.9375486,17.174723,12.3698,3.6331,,,,,,,,,,,406.569
2022-03-15,0.04821076,0.02213748,0.06343107,0.02368427,0.0389221,51.6976,-3.70584171,17.395529,-55.177,19.685,,,,,,,,,,,426.17
2022-03-16,-0.02483751,0.02217582,-0.01067679,0.01921021,-0.0333659,49.6429,-3.46171095,16.930134,4.3026,7.4031,,,,,,,,,,,415.585
2022-03-16,0.04832946,0.02229157,0.09514078,0.01923032,0.04289647,53.4255,-2.8942565,17.155482,-44.4432,25.476,,,,,,,,,,,435.67
2022-03-17,-0.03416806,0.01251008,0.00921955,0.03664104,-0.03884511,50.4036,-2.38479677,16.492947,19.6206,12.4116,,,,,,,,,,,420.784
2022-03-17,0.04816248,0.0123488,0.08480971,0.03659396,0.0610555,54.2016,-1.6096261,16.762451,-26.0716,31.1533,,,,,,,,,,,441.05
2022-03-18,-0.03553112,0.01092009,-0.00185607,0.06145727,-0.02380034,50.9523,-0.95490167,16.110847,18.5416,17.2479,,,,,,,,,,,425.379
2022-03-18,0.04459788,0.00748214,0.06921568,0.05779989,0.07775296,54.5078,-0.10514472,16.350501,-21.1948,32.0832,,,,,,,,,,,444.35
2022-03-21,-0.04297513,-0.00029386,-0.023908,0.06895815,-0.01595742,50.5366,0.5178833,15.595465,23.1722,14.1461,,,,,,,,,,,425.254
2022-03-21,0.04499899,9.002e-05,0.05610004,0.06583681,0.11058907,54.1421,1.2702652,15.996218,-19.1328,29.2595,,,,,,,,,,,444.39
2022-03-22,-0.0318639,0.01170124,-0.02453237,0.05819676,0.02565142,51.1698,1.83547279,15.295774,13.6986,11.1857,,,,,,,,,,,430.23
2022-03-22,0.04504567,0.01174644,0.05696332,0.05500153,0.13221659,54.8252,2.55874719,15.65679,-19.8889,29.0441,,,,,,,,,,,449.61
2022-03-23,-0.05542581,-0.01287683,-0.0442444,0.02190888,0.02012923,49.6757,2.93976362,14.959876,29.1846,6.4355,,,,,,,,,,,424.69
2022-03-23,0.04499753,-0.01292231,0.04361158,0.01866091,0.08840668,53.2982,3.38447445,15.589171,-11.6806,24.0373,,,,,,,,,,,443.8
2022-03-24,-0.02863452,0.01507452,-0.02992417,0.02449713,0.00852029,50.6854,3.6353326,14.95423,8.5898,5.9729,,,,,,,,,,,431.092
2022-03-24,0.04483498,0.01491663,0.04692839,0.02124476,0.10965212,54.3509,4.05161854,15.268071,-26.8252,25.4552,,,,,,,,,,,450.42
2022-03-25,-0.03823764,0.00488295,-0.03650497,0.0183789,0.01813716,50.7322,4.26575165,14.502494,26.4662,5.5895,,,,,,,,,,,433.197
2022-03-25,0.04490567,0.00495093,0.06583626,0.01867897,0.12950717,54.4232,4.64259281,14.878245,-22.5376,25.0026,,,,,,,,,,,452.65
2022-03-28,-0.03616923,0.00711224,-0.01694908,0.02592333,0.03858405,50.9627,4.82987449,14.23337,33.6582,5.8779,,,,,,,,,,,436.278
2022-03-28,0.0448613,0.00706948,0.0574309,0.02578816,0.14586711,54.6732,5.18977791,14.616129,-29.17,28.2787,,,,,,,,,,,455.85
2022-03-29,-0.03109576,0.01237055,-0.01941521,0.02660205,0.05932508,51.6264,5.40102816,14.016406,25.8018,9.0046,,,,,,,,,,,441.675
2022-03-29,0.04508972,0.01259186,0.06554293,0.02664531,0.13533004,55.3879,5.81345355,14.470948,-25.9795,28.3775,,,,,,,,,,,461.59
2022-03-30,-0.04905219,-0.00617422,-0.03027063,0.03357272,0.02998334,50.5729,5.95586168,13.803381,43.982,5.7934,,,,,,,,,,,438.948
2022-03-30,0.04483902,-0.00641262,0.05123339,0.03341595,0.10357689,54.2926,6.22200316,14.405782,-24.3064,26.1854,,,,,,,,,,,458.63
2022-03-31,-0.0576456,-0.01539134,-0.05189865,0.00255166,-0.00798311,48.9624,6.11576267,13.919655,66.1947,2.8573,,,,,,,,,,,432.192
2022-03-31,0.04536873,-0.01489218,0.0229241,0.00306381,0.07371003,52.6735,6.08058481,14.820965,-23.199,21.1707,,,,,,,,,,,451.8
2022-04-01,-0.04068836,0.00283439,-0.06103468,0.00050785,-0.01730643,49.071,5.7846428,14.070896,31.6064,2.4443,,,,,,,,,,,433.417
2022-04-01,0.04502131,0.00250111,0.03185343,0.00061858,0.06476812,52.7639,5.63890678,14.495332,-35.6927,21.3507,,,,,,,,,,,452.93
2022-04-04,-0.03488398,0.00856681,-0.04687875,0.00195288,-0.01624845,49.6261,5.33002472,13.792094,26.3702,1.2341,,,,,,,,,,,437.13
2022-04-04,0.04479217,0.00834566,0.05672942,0.00188659,0.07396991,53.3301,5.23531725,14.214087,-39.5127,22.1935,,,,,,,,,,,456.71
2022-04-05,-0.05496267,-0.0126324,-0.04469234,-0.02279278,-0.02876302,48.415,4.86739488,13.770938,87.896,-0.0551,,,,,,,,,,,431.608
2022-04-05,0.04546255,-0.01199886,0.04109899,-0.02244416,0.0488111,52.1291,4.64947757,14.658871,-31.7602,20.948,,,,,,,,,,,451.23
2022-04-06,-0.05305055,-0.00999981,-0.05660477,-0.0265544,-0.04963858,47.6242,4.14449022,14.166095,22.1549,1.0375,,,,,,,,,,,427.292
2022-04-06,0.04528051,-0.0101722,0.02175554,-0.02614308,0.05168476,51.2883,3.7852851,14.699802,-34.9669,20.1534,,,,,,,,,,,446.64
2022-04-07,-0.03849633,0.00504105,-0.05969653,-0.00635366,-0.0323434,48.0699,3.25333592,14.161245,26.994,1.9295,,,,,,,,,,,429.446
2022-04-07,0.04485779,0.00463461,0.03962392,-0.00683931,0.04086831,51.725,2.94093064,14.665013,-39.1804,19.8749,,,,,,,,,,,448.71
2022-04-08,-0.04549263,-0.00267554,-0.05082331,-0.0118131,-0.04911638,47.8794,2.45012754,13.952512,41.8017,0.1157,,,,,,,,,,,428.297
2022-04-08,0.04513924,-0.0024069,0.04759743,-0.01170159,0.03331741,51.5531,2.17609924,14.546833,-36.8342,20.0061,,,,,,,,,,,447.63
2022-04-11,-0.05954248,-0.01709094,-0.05745791,-0.03695239,-0.06997238,46.6692,1.62211339,14.096345,43.9901,-0.515,,,,,,,,,,,420.977
2022-04-11,0.0452115,-0.01702299,0.02459913,-0.03656587,0.00855418,50.2908,1.2216597,14.805392,-24.908,18.5968,,,,,,,,,,,440.01
2022-04-12,-0.04680121,-0.00370567,-0.0652827,-0.02824554,-0.07992322,46.6033,0.60709573,14.397864,23.6281,-1.4273,,,,,,,,,,,419.417
2022-04-12,0.04497433,-0.00393173,0.02330859,-0.02869933,-0.00768665,50.205,0.19011251,15.244659,-31.1314,15.5959,,,,,,,,,,,438.28
2022-04-13,-0.03207767,0.01145399,-0.05229542,-0.00718712,-0.08095713,47.6265,-0.30590843,14.603612,14.5656,-1.1858,,,,,,,,,,,424.221
2022-04-13,0.04504492,0.01152231,0.05309791,-0.00741089,0.00998296,51.2885,-0.51989626,14.977568,-38.0217,17.5603,,,,,,,,,,,443.33
2022-04-14,-0.05501996,-0.01245341,-0.04788982,-0.02446873,-0.08654471,46.7911,-0.93386879,14.411313,46.7556,-2.2097,,,,,,,,,,,418.938
2022-04-14,0.04538142,-0.01213543,0.04418753,-0.02397985,0.01332278,50.439,-1.14603289,15.22172,-23.5615,16.678,,,,,,,,,,,437.95
2022-04-18,-0.04301633,0.00041295,-0.04373688,-0.02144773,-0.07235281,47.0004,-1.51853858,14.430168,48.1246,-1.4664,,,,,,,,,,,419.111
2022-04-18,0.04509307,0.000137,0.03250428,-0.02149096,0.01059718,50.6361,-1.66703236,14.871513,-43.9936,17.7943,,,,,,,,,,,438.01
2022-04-19,-0.02770256,0.01614131,-0.03937022,0.01163722,-0.05973108,48.3431,-1.85712689,14.389262,11.9536,1.8566,,,,,,,,,,,425.876
2022-04-19,0.04469376,0.01575306,0.06199485,0.01113611,0.01779791,52.014,-1.75542178,14.783886,-57.5325,19.8041,,,,,,,,,,,444.91
2022-04-20,-0.04349194,-0.000742,-0.0282909,0.01464652,-0.06820521,48.2594,-1.78087084,14.020037,43.866,-1.0703,,,,,,,,,,,425.56
2022-04-20,0.04499953,-0.00044953,0.06107928,0.01467099,0.03035625,51.9556,-1.57509757,14.590035,-52.4785,20.3145,,,,,,,,,,,444.71
2022-04-21,-0.05736997,-0.01495206,-0.04295107,-0.01184288,-0.0709904,47.1255,-1.63864064,14.470032,78.9554,-0.3546,,,,,,,,,,,419.197
2022-04-21,0.04466396,-0.01526838,0.02828053,-0.0122031,0.02487292,50.7444,-1.56520561,15.635959,-23.3252,17.4584,,,,,,,,,,,437.92
2022-04-22,-0.06902174,-0.02744056,-0.08364838,-0.02683929,-0.08719774,45.3483,-1.88843572,15.422104,15.505,-0.718,,,,,,,,,,,407.694
2022-04-22,0.04502396,-0.02710541,0.00115142,-0.02717205,-0.00790786,48.902,-2.1461802,16.425954,-20.3833,12.9003,,,,,,,,,,,426.05
2022-04-25,-0.0375355,0.00579847,-0.07792044,-0.02160048,-0.08614027,46.0901,-2.5996196,15.956243,-4.4648,1.3875,,,,,,,,,,,410.058
2022-04-25,0.04512045,0.00589133,0.02233556,-0.02157485,0.00061406,49.6941,-2.8508331,16.146654,-29.3532,16.8713,,,,,,,,,,,428.56
2022-04-26,-0.07088389,-0.02896176,-0.0907426,-0.06502832,-0.11046623,44.4409,-3.4402919,15.885465,36.1396,1.1667,,,,,,,,,,,398.182
2022-04-26,0.04497441,-0.02909744,0.02059388,-0.06477715,-0.01160871,47.9351,-3.9173031,16.737074,-7.2129,15.7092,,,,,,,,,,,416.09
2022-04-27,-0.04034704,0.00281278,-0.06278136,-0.06170223,-0.09251608,45.0733,-4.55774302,16.106569,12.3714,1.4733,,,,,,,,,,,399.302
2022-04-27,0.04479817,0.00264366,0.01739266,-0.06188302,-0.00530975,48.5949,-4.97126336,16.6431,-19.0927,17.1748,,,,,,,,,,,417.19
2022-04-28,-0.01870131,0.02525908,-0.04473586,-0.0233995,-0.06592133,47.1742,-5.33402333,16.343593,-2.1752,6.536,,,,,,,,,,,409.388
2022-04-28,0.04485232,0.02531221,0.0742575,-0.02322342,0.00831878,50.8184,-5.3408389,16.619907,-27.5448,18.8521,,,,,,,,,,,427.75
2022-04-29,-0.07829573,-0.03695516,-0.05246701,-0.03295364,-0.1106873,44.7541,-5.64635462,16.6142,35.9045,2.3137,,,,,,,,,,,394.259
2022-04-29,0.04477006,-0.03703098,0.0315751,-0.03318859,-0.01677575,48.2586,-5.82859359,17.683257,-3.6321,16.7338,,,,,,,,,,,411.91
2022-05-02,-0.03709063,0.00601889,-0.04927731,-0.03274171,-0.0943441,45.5644,-6.15447884,17.198739,-1.5264,7.633,,,,,,,,,,,396.632
2022-05-02,0.04530144,0.00653055,0.0127312,-0.0325742,-0.01076326,49.1593,-6.2526191,17.3444,-24.9333,21.8058,,,,,,,,,,,414.6
2022-05-03,-0.03895321,0.00458359,-0.06849795,0.00067306,-0.09031757,46.2056,-6.44628138,16.503372,17.0648,8.7859,,,,,,,,,,,398.45
2022-05-03,0.04487389,0.0041727,0.05598097,0.0005768,-0.02241498,49.8016,-6.38970557,16.786702,-27.7787,20.4777,,,,,,,,,,,416.33
2022-05-04,-0.01380155,0.03045301,-0.00321915,0.0282543,-0.07715268,48.6755,-6.25636181,16.726938,-6.5532,11.6212,,,,,,,,,,,410.584
2022-05-04,0.04504803,0.03062474,0.08180883,0.0285002,0.00827145,52.4061,-5.7725391,16.891871,-42.2576,28.0011,,,,,,,,,,,429.08
2022-05-05,-0.07711616,-0.03554206,-0.04488423,-0.03272446,-0.10955229,45.9688,-5.60916465,17.088166,64.5049,14.7223,,,,,,,,,,,395.991
2022-05-05,0.04598337,-0.03467885,0.03952817,-0.03167738,-0.01192041,49.6352,-5.35190693,17.911797,-4.5035,25.5004,,,,,,,,,,,414.2
2022-05-06,-0.04966924,-0.00596983,-0.05453126,-0.00160301,-0.10114404,45.8496,-5.365323,17.28024,31.0295,13.0418,,,,,,,,,,,393.627
2022-05-06,0.04553295,-0.00639788,0.00235275,-0.00087398,0.00945807,49.4656,-5.2495092,17.55508,-20.6615,26.4645,,,,,,,,,,,411.55
2022-05-09,-0.07417325,-0.03201762,-0.11199776,-0.03935134,-0.10568243,44.0681,-5.53382759,17.376146,24.5351,11.3601,,,,,,,,,,,381.024
2022-05-09,0.045236,-0.03229255,0.00572993,-0.03941148,-0.02877154,47.5483,-5.76643362,17.943992,-10.2614,19.1919,,,,,,,,,,,398.26
2022-05-10,-0.04106614,0.00231219,-0.07796958,-0.0415234,-0.10886457,44.7058,-6.20222535,17.466564,10.9253,6.8232,,,,,,,,,,,381.905
2022-05-10,0.04497192,0.00205896,0.01385322,-0.04143348,0.00225525,48.2074,-6.4543718,17.945381,-18.7388,19.8652,,,,,,,,,,,399.08
2022-05-11,-0.05823895,-0.01588615,-0.08677439,-0.0846258,-0.09673869,44.1343,-6.93429673,17.526425,20.2286,4.1703,,,,,,,,,,,375.838
2022-05-11,0.04491829,-0.01593665,0.03069623,-0.08473944,-0.01648376,47.5976,-7.24668322,18.283966,-11.5228,16.224,,,,,,,,,,,392.72
2022-05-12,-0.04398554,-0.001043,-0.05728419,-0.05188249,-0.10005992,44.554,-7.69676398,17.738683,0.9519,5.3395,,,,,,,,,,,375.446
2022-05-12,0.04513033,-0.00084029,0.02745447,-0.05265572,-0.04152051,48.0623,-7.92168075,17.920491,-17.4393,19.337,,,,,,,,,,,392.39
2022-05-13,-0.02030633,0.02390757,-0.03672948,-0.02338508,-0.10129281,46.57,-8.10274826,17.411171,-0.7539,8.2142,,,,,,,,,,,384.422
2022-05-13,0.04471128,0.02349703,0.0685721,-0.02415259,0.0186451,50.1646,-7.95414774,17.506658,-22.6603,21.686,,,,,,,,,,,401.61
2022-05-16,-0.0466821,-0.00405804,-0.02510185,0.00482384,-0.07052026,46.4906,-7.88769186,16.711183,17.0881,7.4429,,,,,,,,,,,382.862
2022-05-16,0.04544196,-0.00336147,0.06609206,0.00502185,0.00914702,50.14,-7.58065379,17.023098,-22.1386,23.8865,,,,,,,,,,,400.26
2022-05-17,-0.02379204,0.02056877,-0.00421265,0.02312617,-0.05755668,48.2021,-7.27357496,16.400734,2.4731,12.3666,,,,,,,,,,,390.737
2022-05-17,0.04499958,0.02013691,0.06216606,0.02315325,0.02477099,51.8987,-6.68546374,16.494467,-42.6773,27.1138,,,,,,,,,,,408.32
2022-05-18,-0.08163695,-0.040311,-0.06629317,-0.00226693,-0.09930584,45.2986,-6.46862358,16.585577,68.2007,8.8747,,,,,,,,,,,374.986
2022-05-18,0.04521235,-0.0401156,0.02371089,-0.00198615,-0.04540849,48.8608,-6.21062159,17.457607,-0.817,20.3131,,,,,,,,,,,391.94
2022-05-19,-0.04911466,-0.0061229,-0.06888023,-0.0073406,-0.13142071,45.2571,-6.2333123,16.712778,30.6661,4.9914,,,,,,,,,,,372.69
2022-05-19,0.04486302,-0.00645507,-0.00339615,-0.00759449,-0.01661906,48.79,-6.14978144,17.048294,-20.1964,19.8766,,,,,,,,,,,389.41
2022-05-20,-0.04252074,0.00043468,-0.08686324,-0.03009713,-0.09982617,45.6482,-6.25420843,17.008416,6.6142,9.1624,,,,,,,,,,,372.852
2022-05-20,0.04489181,0.00046224,0.03894545,-0.02992953,-0.0102559,49.2088,-6.18966989,17.286957,-24.6039,20.5981,,,,,,,,,,,389.59
2022-05-23,-0.02505711,0.01870984,-0.03090269,-0.00792453,-0.07707933,47.264,-6.16424974,16.633603,3.3131,8.8818,,,,,,,,,,,379.828
2022-05-23,0.04510463,0.01891732,0.06512115,-0.00824464,0.04182414,50.9292,-5.87730019,16.72206,-29.1378,24.4374,,,,,,,,,,,396.96
2022-05-24,-0.050461,-0.0076324,-0.03205105,-0.03533835,-0.05356049,46.831,-5.74765879,16.241913,27.2684,11.9891,,,,,,,,,,,376.929
2022-05-24,0.04539582,-0.0073559,0.05682684,-0.03497257,0.03177492,50.4956,-5.43731503,16.383276,-16.876,27.4095,,,,,,,,,,,394.04
2022-05-25,-0.03497361,0.00883456,-0.02395082,0.01406186,-0.04716097,47.6472,-5.23745432,15.753042,12.4284,14.4027,,,,,,,,,,,380.259
2022-05-25,0.04507717,0.00852705,0.04626305,0.0139307,0.05737046,51.325,-4.83190741,15.997182,-24.3798,28.1763,,,,,,,,,,,397.4
2022-05-26,-0.02401359,0.01998112,-0.02293178,0.04069602,-0.01238287,49.2506,-4.45993992,15.543098,2.2382,14.2043,,,,,,,,,,,387.857
2022-05-26,0.04499854,0.01990438,0.07529535,0.040831,0.07954273,52.9926,-3.83990098,15.802377,-33.5257,28.736,,,,,,,,,,,405.31
2022-05-27,-0.01956774,0.02455029,0.00847376,0.06578213,0.01271439,51.147,-3.21466169,15.392921,7.6745,16.7042,,,,,,,,,,,397.379
2022-05-27,0.04522383,0.02477116,0.09228184,0.06612079,0.08045325,54.9737,-2.32489532,15.57707,-19.3412,32.3741,,,,,,,,,,,415.35
2022-05-31,-0.04863609,-0.00561177,-0.00566432,0.04033668,-0.01608775,50.2124,-1.63296778,14.923707,22.3015,14.9689,,,,,,,,,,,395.149
2022-05-31,0.04507414,-0.00575418,0.06472231,0.04030633,0.07861318,53.9957,-0.8134278,15.379228,-13.3091,30.6585,,,,,,,,,,,412.96
2022-06-01,-0.05086933,-0.00808809,-0.03295502,0.03985897,-0.02075401,49.2429,-0.29016491,14.945712,22.4854,12.5605,,,,,,,,,,,391.953
2022-06-01,0.04504877,-0.00811217,0.03077918,0.03951375,0.04830103,52.9886,0.30233541,15.612947,-10.5226,26.4726,,,,,,,,,,,409.61
2022-06-02,-0.02488465,0.0190431,-0.03836042,0.05038145,-0.02180398,50.6642,0.74386011,15.240594,8.9254,13.9477,,,,,,,,,,,399.417
2022-06-02,0.04494801,0.01894485,0.05623448,0.05025164,0.11302822,54.4538,1.35234499,15.438623,-27.2972,27.5019,,,,,,,,,,,417.37
2022-06-03,-0.05872008,-0.01641142,-0.04866815,0.01290424,0.0023524,48.9286,1.6394864,14.897292,34.1479,7.9448,,,,,,,,,,,392.862
2022-06-03,0.04492163,-0.01643626,0.04734496,0.01282969,0.10147844,52.654,1.98799033,15.344486,-8.9617,24.5404,,,,,,,,,,,410.51
2022-06-06,-0.04007698,0.00304433,-0.03796782,-0.00835726,0.01193601,49.0611,2.08967286,14.684094,25.193,6.2155,,,,,,,,,,,394.058
2022-06-06,0.04474468,0.00287447,0.03072729,-0.00881185,0.10416466,52.7799,2.30786763,15.243944,-19.4557,23.26,,,,,,,,,,,411.69
2022-06-07,-0.03364668,0.0095925,-0.04679781,0.00680503,0.02117097,49.7096,2.36139122,14.770091,28.4126,9.2729,,,,,,,,,,,397.838
2022-06-07,0.04502335,0.00986179,0.05825964,0.0067561,0.09457439,53.4783,2.58928972,15.028085,-33.9262,23.4514,,,,,,,,,,,415.75
2022-06-08,-0.05348647,-0.01087126,-0.04140459,0.00398007,-0.00868349,48.6082,2.55385635,14.343222,111.8598,2.4193,,,,,,,,,,,393.513
2022-06-08,0.04520054,-0.01070355,0.04375498,0.00412588,0.09118693,52.3464,2.63318959,14.910634,-42.2994,21.7839,,,,,,,,,,,411.3
2022-06-09,-0.06600049,-0.0237832,-0.06688528,-0.0382132,-0.02508882,46.7566,2.34119739,14.581303,43.3317,1.7066,,,,,,,,,,,384.154
2022-06-09,0.04502361,-0.02394846,0.00907907,-0.03814361,0.05572781,50.3915,2.10238382,15.508067,-22.1944,19.0744,,,,,,,,,,,401.45
2022-06-10,-0.07083074,-0.02899618,-0.10279014,-0.05051901,-0.06136135,44.9574,1.45096502,15.236062,4.2997,1.0615,,,,,,,,,,,373.015
2022-06-10,0.04489096,-0.02911944,-0.00953717,-0.05054688,0.00490645,48.4808,0.83893136,15.771701,-20.1489,14.2501,,,,,,,,,,,389.76
2022-06-13,-0.07930008,-0.03796898,-0.12751763,-0.08934218,-0.11462337,43.0084,-0.21136383,15.820865,1.6928,-2.649,,,,,,,,,,,358.852
2022-06-13,0.04522199,-0.0376642,-0.02362074,-0.08892613,-0.05611519,46.4276,-1.22190465,16.327803,-13.6412,12.0164,,,,,,,,,,,375.08
2022-06-14,-0.04614749,-0.00301238,-0.10880309,-0.10071185,-0.13862766,43.4343,-2.42792399,15.686532,9.0274,-1.2178,,,,,,,,,,,357.771
2022-06-14,0.04488625,-0.00333262,0.0021849,-0.10082983,-0.0539518,46.8576,-3.43149826,16.004565,-12.609,13.735,,,,,,,,,,,373.83
2022-06-15,-0.02931546,0.01425493,-0.06898861,-0.07786782,-0.12129262,44.8623,-4.42259822,15.70281,4.251,2.6164,,,,,,,,,,,362.871
2022-06-15,0.04499946,0.01436482,0.05670304,-0.07804522,-0.03253706,48.3888,-5.08332478,16.078967,-15.8273,18.0402,,,,,,,,,,,379.2
2022-06-16,-0.07473101,-0.03309441,-0.06456756,-0.08666316,-0.14342423,43.2223,-5.94287363,16.010469,17.5957,3.3706,,,,,,,,,,,350.862
2022-06-16,0.0462233,-0.03196203,0.02601944,-0.08561465,-0.0809605,46.7279,-6.60968774,16.299936,-6.0261,17.9298,,,,,,,,,,,367.08
2022-06-17,-0.04212978,0.00214614,-0.05942541,-0.05737035,-0.15754606,43.9418,-7.35241417,15.650655,6.6032,5.8739,,,,,,,,,,,351.615
2022-06-17,0.04037086,-0.00345974,0.0080993,-0.06144807,-0.06885879,47.0618,-7.86055546,15.801679,-9.5231,18.8741,,,,,,,,,,,365.81
2022-06-21,-0.01460868,0.02517242,-0.04940401,0.00449768,-0.1219069,46.0233,-8.26237032,15.438345,-1.8196,10.1998,,,,,,,,,,,360.466
2022-06-21,0.04065293,0.02545037,0.06913829,0.00010664,-0.04805892,49.3256,-8.32385041,15.481606,-24.3872,22.4505,,,,,,,,,,,375.12
2022-06-22,-0.04080561,-0.00181154,-0.01979677,0.00570756,-0.12600986,46.1495,-8.39403489,14.985777,16.377,9.7391,,,,,,,,,,,359.813
2022-06-22,0.04034596,-0.00210599,0.06460191,0.00133751,-0.05908938,49.4724,-8.21525395,15.26515,-26.8019,25.285,,,,,,,,,,,374.33
2022-06-23,-0.02935912,0.00980231,-0.00675214,0.00129247,-0.12606133,47.1028,-8.04641311,14.599068,12.724,12.0322,,,,,,,,,,,363.34
2022-06-23,0.0409809,0.01041861,0.04928065,-0.00255802,-0.03883734,50.5582,-7.6367528,14.661635,-28.8234,27.0642,,,,,,,,,,,378.23
2022-06-24,-0.00882532,0.03179391,-0.00060781,0.06848847,-0.08851933,49.7732,-7.13347671,14.461518,-3.9468,18.6398,,,,,,,,,,,374.892
2022-06-24,0.04048633,0.0313037,0.0840909,0.0626294,0.01540007,53.3219,-6.33949187,14.512695,-26.7946,30.8855,,,,,,,,,,,390.07
2022-06-27,-0.0425821,-0.00381977,-0.00232415,0.06212761,-0.06972226,49.2232,-5.65547228,13.756074,22.713,13.4285,,,,,,,,,,,373.46
2022-06-27,0.04072725,-0.0035891,0.06971432,0.06249146,0.04196882,52.801,-4.82067757,14.047783,-14.321,29.15,,,,,,,,,,,388.67
2022-06-28,-0.05876708,-0.02043325,-0.03278693,0.01487796,-0.06139932,47.3998,-4.28856879,13.946513,35.2827,10.2527,,,,,,,,,,,365.829
2022-06-28,0.0410055,-0.02017135,0.01583923,0.0152218,0.0612453,50.9487,-3.72496499,14.890762,-5.9448,22.6725,,,,,,,,,,,380.83
2022-06-29,-0.04017278,-0.00081459,-0.06290922,0.01589159,-0.02545857,47.4337,-3.40676242,14.102136,16.7956,7.3326,,,,,,,,,,,365.531
2022-06-29,0.04075988,-0.00105034,0.01866331,0.01629578,0.06333381,50.9805,-3.01358375,14.289055,-6.0595,18.092,,,,,,,,,,,380.43
2022-06-30,-0.04697053,-0.00812517,-0.06717524,-0.002144,-0.03014472,46.8938,-2.87224348,13.846837,40.5768,2.6152,,,,,,,,,,,362.561
2022-06-30,0.0406111,-0.00826696,0.03131518,-0.00249848,0.03972211,50.4206,-2.6547007,14.146991,-16.7958,18.8058,,,,,,,,,,,377.285
2022-07-01,-0.02886147,0.01057753,-0.03790143,-0.02266253,-0.03376582,47.8878,-2.56847663,13.700778,10.2321,7.2298,,,,,,,,,,,366.396
2022-07-01,0.04015874,0.01013822,0.04262019,-0.02297024,0.08621053,51.4377,-2.32847325,13.813151,-22.8527,24.6592,,,,,,,,,,,381.11
2022-07-05,-0.03679253,0.00188867,-0.03507084,-0.01706207,2.179e-05,48.0766,-2.2230711,13.475068,26.0549,14.3739,,,,,,,,,,,367.088
2022-07-05,0.04056793,0.00228281,0.05356064,-0.01721255,0.08635866,51.6873,-1.96489977,13.576278,-25.5049,31.3052,,,,,,,,,,,381.98
2022-07-06,-0.03574009,0.00337794,-0.02374067,0.00683106,0.00688335,48.3668,-1.83784072,13.054401,20.0841,14.4769,,,,,,,,,,,368.328
2022-07-06,0.0406757,0.00348186,0.04616317,0.00651209,0.06337352,52.0104,-1.55640308,13.372801,-26.3948,29.6594,,,,,,,,,,,383.31
2022-07-07,-0.02469542,0.01497578,-0.01906536,0.02274226,-0.00340158,49.6275,-1.34043451,12.886386,6.3916,15.8508,,,,,,,,,,,373.844
2022-07-07,0.04011299,0.01442697,0.05925555,0.02210656,0.08067246,53.2793,-0.93451456,13.107073,-33.2136,30.0725,,,,,,,,,,,388.84
2022-07-08,-0.03935552,-0.0008212,-0.02210325,0.03027353,-0.00211845,49.3477,-0.67283625,12.526568,25.2334,13.5022,,,,,,,,,,,373.537
2022-07-08,0.04019147,-0.00074581,0.05490215,0.02985806,0.06938405,53.0111,-0.27422623,12.853099,-31.0235,27.6741,,,,,,,,,,,388.55
2022-07-11,-0.04962038,-0.01142323,-0.03662832,0.00784397,-0.02368929,48.1908,-0.11766199,12.295735,43.205,7.0931,,,,,,,,,,,369.27
2022-07-11,0.04040404,-0.01122121,0.02767465,0.00808166,0.02480181,51.8403,0.11729336,12.671396,-19.469,24.9743,,,,,,,,,,,384.19
2022-07-12,-0.04734116,-0.00884989,-0.05873367,-0.00295842,-0.06170175,47.4522,0.09861972,12.278439,39.759,4.9758,,,,,,,,,,,366.002
2022-07-12,0.0407047,-0.00856347,0.01971157,-0.00282737,0.01992181,51.1033,0.15941938,12.837694,-20.8136,21.1772,,,,,,,,,,,380.9
2022-07-13,-0.04415857,-0.00525134,-0.06297774,-0.0115332,-0.06326704,47.1224,-0.0018725,12.43943,35.986,3.6661,,,,,,,,,,,364.08
2022-07-13,0.04059547,-0.00535574,0.02597016,-0.0116094,0.03562047,50.7527,-0.05810131,12.823756,-23.9384,20.8324,,,,,,,,,,,378.86
2022-07-14,-0.04134509,-0.00242804,-0.05464484,-0.02848247,-0.04630413,47.0648,-0.29530858,12.479917,21.3064,6.311,,,,,,,,,,,363.196
2022-07-14,0.04063646,-0.00238875,0.03265829,-0.02799352,0.03398891,50.6998,-0.39737054,12.684494,-25.6617,24.1115,,,,,,,,,,,377.955
2022-07-15,-0.02069029,0.01910539,-0.02826201,-0.00910753,-0.02706148,48.7882,-0.53323364,12.29953,1.4983,10.9826,,,,,,,,,,,370.135
2022-07-15,0.03994488,0.01842812,0.05724017,-0.00934243,0.06166962,52.4395,-0.44605907,12.500278,-36.9898,28.1421,,,,,,,,,,,384.92
2022-07-18,-0.04635249,-0.00825915,-0.03109856,-0.00593604,-0.02705382,47.9925,-0.50730069,12.209544,35.5425,9.8833,,,,,,,,,,,367.078
2022-07-18,0.04070525,-0.00753403,0.05182876,-0.00564825,0.04264239,51.6875,-0.41880917,12.909005,-20.4796,24.6904,,,,,,,,,,,382.02
2022-07-19,-0.01314853,0.0270215,-0.00253469,0.03004082,-0.01079216,50.3914,-0.32029119,12.761933,-6.2567,14.5539,,,,,,,,,,,376.997
2022-07-19,0.040247,0.02656929,0.05953233,0.02958782,0.06832694,54.133,0.02215307,12.982009,-36.7594,28.0234,,,,,,,,,,,392.17
2022-07-20,-0.03256496,0.0063714,-0.01434324,0.04207592,-0.0067569,50.669,0.29572977,12.428294,19.2643,13.0735,,,,,,,,,,,379.399
2022-07-20,0.04075129,0.00685927,0.07568419,0.04223196,0.07203362,54.4677,0.75779747,12.744202,-19.6533,26.8429,,,,,,,,,,,394.86
2022-07-21,-0.0293699,0.01018453,0.00325376,0.05525116,-0.00012262,51.2781,1.12703479,12.348902,13.2193,14.0212,,,,,,,,,,,383.263
2022-07-21,0.04064311,0.01007952,0.05793945,0.0552579,0.06686211,55.0829,1.66468499,12.57948,-20.5278,31.8164,,,,,,,,,,,398.84
2022-07-22,-0.04797162,-0.00927822,-0.03177959,0.02586083,-0.02348781,49.9257,1.97065862,12.21166,28.1608,14.9948,,,,,,,,,,,379.707
2022-07-22,0.04061816,-0.00930198,0.04146295,0.02652499,0.05780686,53.6896,2.35695565,12.801042,-11.8657,27.5384,,,,,,,,,,,395.13
2022-07-25,-0.03786602,0.00121409,-0.03720812,0.03566,-0.02157251,49.7804,2.52926554,12.119539,16.6349,8.4304,,,,,,,,,,,380.168
2022-07-25,0.04030323,0.00091109,0.03190238,0.03525993,0.07100496,53.5133,2.79710853,12.416143,-12.7722,26.1558,,,,,,,,,,,395.49
2022-07-26,-0.05011505,-0.01183161,-0.05809347,-0.00351992,-0.02217653,48.492,2.78819734,11.92499,52.5346,5.251,,,,,,,,,,,375.67
2022-07-26,0.04024809,-0.01188399,0.0291883,-0.00351888,0.06772641,52.1784,2.84116504,12.385348,-17.5952,20.8941,,,,,,,,,,,390.79
2022-07-27,-0.0137286,0.02596694,-0.02456154,0.01588301,0.01187976,50.7894,2.83806954,12.364252,-5.3224,8.4894,,,,,,,,,,,385.425
2022-07-27,0.04046183,0.02617774,0.05484943,0.01560047,0.10146122,54.5748,3.04233756,12.725734,-35.1538,26.2744,,,,,,,,,,,401.02
2022-07-28,-0.02683407,0.012542,-0.01322663,0.01825378,0.03008763,51.6239,3.18724939,12.43461,21.8725,12.241,,,,,,,,,,,390.259
2022-07-28,0.04012976,0.01221884,0.0805228,0.01775148,0.11763345,55.4033,3.5299591,12.727209,-25.8762,29.083,,,,,,,,,,,405.92
2022-07-29,-0.02456395,0.01458006,0.01320146,0.04277509,0.04760884,52.5864,3.81155232,12.32598,21.7846,14.7896,,,,,,,,,,,395.949
2022-07-29,0.04086637,0.01529858,0.06928715,0.04302381,0.1134586,56.4556,4.28954843,12.663481,-23.8105,32.16,,,,,,,,,,,412.13
2022-08-01,-0.04210807,-0.0029625,-0.0155703,0.03842512,0.02560532,51.5928,4.57893903,12.116804,26.9835,15.4487,,,,,,,,,,,394.776
2022-08-01,0.04051411,-0.00329993,0.0525574,0.03863562,0.11902647,55.4053,4.97968362,12.580889,-20.274,28.4646,,,,,,,,,,,410.77
2022-08-02,-0.04527595,-0.00659615,-0.03386874,0.04392685,0.02657452,50.4315,5.12114511,12.123683,30.125,9.1122,,,,,,,,,,,392.172
2022-08-02,0.04069133,-0.00642695,0.03076406,0.04437166,0.08258156,54.2284,5.33560578,12.742563,-18.923,23.981,,,,,,,,,,,408.13
2022-08-03,-0.02405361,0.01565895,-0.03352583,0.03343841,0.01566413,51.6094,5.4157931,12.371666,7.3197,8.3558,,,,,,,,,,,398.313
2022-08-03,0.04036273,0.01533825,0.04968387,0.03333998,0.09222744,55.4076,5.6517724,12.726332,-26.6588,24.5624,,,,,,,,,,,414.39
2022-08-04,-0.03944593,-0.00067535,-0.03098084,0.01994829,0.00806362,51.0226,5.69935625,12.006594,21.5426,5.0116,,,,,,,,,,,398.044
2022-08-04,0.04051311,-0.0005309,0.05609273,0.0203242,0.08064175,54.8213,5.87065398,12.36298,-19.8736,24.561,,,,,,,,,,,414.17
2022-08-05,-0.04056064,-0.00169077,-0.0263617,0.00359137,-0.00368318,50.433,5.82911483,11.806339,31.352,5.4955,,,,,,,,,,,397.371
2022-08-05,0.04041312,-0.00178671,0.03795256,0.00315434,0.08881322,54.2067,5.89927743,12.1601,-22.038,26.2036,,,,,,,,,,,413.43
2022-08-08,-0.0399584,-0.00116012,-0.04218249,0.0054056,0.00450485,49.9903,5.75876188,11.705093,38.5124,3.8875,,,,,,,,,,,396.91
2022-08-08,0.0403366,-0.00123358,0.03737275,0.00523407,0.08615139,53.7453,5.73586823,12.348301,-10.929,21.634,,,,,,,,,,,412.92
2022-08-09,-0.04258936,-0.00397067,-0.04547891,0.00806279,-0.00039445,49.361,5.49425026,11.659137,87.345,-1.2628,,,,,,,,,,,395.334
2022-08-09,0.04058846,-0.00372954,0.03525421,0.00796315,0.09505683,53.1189,5.37168819,12.064627,-44.5776,20.389,,,,,,,,,,,411.38
2022-08-10,-0.01882201,0.02100249,-0.0236872,0.01336637,0.03287443,51.1465,5.19439475,11.828582,-5.3185,5.1494,,,,,,,,,,,403.637
2022-08-10,0.04009295,0.02051631,0.05772089,0.0131036,0.08923915,54.9145,5.238442,12.162469,-58.9565,23.7535,,,,,,,,,,,419.82
2022-08-11,-0.03854747,0.0,-0.02248135,0.01405121,0.00652586,50.703,5.1487825,11.703721,36.6188,2.6496,,,,,,,,,,,403.637
2022-08-11,0.04058845,0.00047639,0.0624434,0.01412463,0.07625961,54.5068,5.22966437,12.389384,-18.7485,22.5688,,,,,,,,,,,420.02
2022-08-12,-0.02273701,0.01692858,-0.00221207,0.03296416,0.01120911,51.9885,5.24891417,12.017999,13.3081,7.1372,,,,,,,,,,,410.47
2022-08-12,0.040344,0.01668968,0.05795554,0.03289553,0.07849748,55.8018,5.48076688,12.354571,-41.7109,26.3981,,,,,,,,,,,427.03
2022-08-15,-0.03481723,0.0041221,-0.01824115,0.03842685,7.765e-05,51.8222,5.58401883,11.807816,26.0175,9.6335,,,,,,,,,,,412.162
2022-08-15,0.04061025,0.00437908,0.06258841,0.03869999,0.08643889,55.6563,5.85557158,12.1914,-27.6468,25.2215,,,,,,,,,,,428.9
2022-08-16,-0.03714386,0.00195797,-0.0167873,0.04460785,0.00535336,51.4587,5.95086094,11.667015,26.637,5.1849,,,,,,,,,,,412.969
2022-08-16,0.04056237,0.00191187,0.04689746,0.04458165,0.0957437,55.278,6.1843658,12.172299,-22.8873,25.8595,,,,,,,,,,,429.72
2022-08-17,-0.04580192,-0.00709739,-0.03979112,0.01585831,0.00467498,50.2728,6.16415052,11.672849,35.8571,6.1627,,,,,,,,,,,410.038
2022-08-17,0.04056209,-0.00709764,0.03519975,0.01631652,0.07119276,54.0584,6.23727257,12.227789,-21.0476,23.6087,,,,,,,,,,,426.67
2022-08-18,-0.03618722,0.00290705,-0.04119841,0.01881146,-0.00762567,50.2351,6.10451131,11.576518,22.1092,2.6252,,,,,,,,,,,411.23
2022-08-18,0.04034239,0.00269529,0.03596154,0.01857054,0.0748058,53.9997,6.10043627,11.990338,-22.2581,22.7117,,,,,,,,,,,427.82
2022-08-19,-0.05169464,-0.01343774,-0.05588755,-0.01161108,-0.02044088,48.7097,5.81048089,11.605314,75.2051,-0.8984,,,,,,,,,,,405.704
2022-08-19,0.04063554,-0.01315974,0.02963628,-0.0113341,0.06245801,52.4492,5.60632244,12.171792,-15.7199,19.4296,,,,,,,,,,,422.19
2022-08-22,-0.05905872,-0.02082306,-0.06893852,-0.03616539,-0.0391215,46.8819,5.05605681,12.001664,35.6614,-1.5596,,,,,,,,,,,397.256
2022-08-22,0.04066395,-0.02079632,0.00530117,-0.03611564,0.04157114,50.5445,4.5639076,12.570759,-21.6642,17.7827,,,,,,,,,,,413.41
2022-08-23,-0.04139958,-0.00241909,-0.07368753,-0.04037591,-0.04026204,46.858,3.85052201,11.933562,27.3135,-3.8441,,,,,,,,,,,396.295
2022-08-23,0.04038658,-0.00268499,0.01625816,-0.04053802,0.04291561,50.4943,3.28244091,12.446165,-25.8719,15.3611,,,,,,,,,,,412.3
2022-08-24,-0.03574339,0.00319964,-0.05833156,-0.03042401,-0.03358695,47.2859,2.59261202,11.822867,20.3613,-4.0399,,,,,,,,,,,397.563
2022-08-24,0.04048918,0.00329857,0.04129327,-0.03049195,0.02483172,50.9519,2.11354509,12.231377,-29.2149,16.1217,,,,,,,,,,,413.66
2022-08-25,-0.02534449,0.01411852,-0.02475509,-0.01958515,-0.03964556,48.5821,1.61960986,11.779136,8.0091,-0.4607,,,,,,,,,,,403.176
2022-08-25,0.04053813,0.01416622,0.05860533,-0.01940068,0.03934971,52.3063,1.39931593,12.108054,-39.6825,20.742,,,,,,,,,,,419.52
2022-08-26,-0.07148884,-0.03384874,-0.0552292,-0.03986897,-0.07259416,45.7571,0.88040502,12.293908,44.7446,-1.0873,,,,,,,,,,,389.529
2022-08-26,0.04061572,-0.0337767,0.01958683,-0.03988725,-0.01247351,49.3592,0.45193713,13.584414,-6.9487,16.4419,,,,,,,,,,,405.35
2022-08-29,-0.04538547,-0.00661311,-0.06456268,-0.02593542,-0.09385055,45.5696,-0.19192528,12.945528,13.1795,-0.0959,,,,,,,,,,,386.953
2022-08-29,0.04051396,-0.00671025,-0.00135425,-0.02607581,-0.02312683,49.1522,-0.68648565,13.36849,-21.1517,15.7977,,,,,,,,,,,402.63
2022-08-30,-0.04948712,-0.01097808,-0.08775505,-0.03429264,-0.10770576,45.0901,-1.37786782,12.992169,14.9614,0.1039,,,,,,,,,,,382.705
2022-08-30,0.04040972,-0.01107717,0.0221832,-0.03427116,-0.03583562,48.6381,-1.9064952,13.587371,-19.2129,13.31,,,,,,,,,,,398.17
2022-08-31,-0.04615365,-0.00760899,-0.06304922,-0.04469732,-0.11618496,44.9234,-2.59424853,13.059702,28.6519,-3.0024,,,,,,,,,,,379.793
2022-08-31,0.04032986,-0.00768516,0.02108008,-0.04484359,-0.03640638,48.4569,-3.09539915,13.656652,-17.5629,13.1898,,,,,,,,,,,395.11
2022-09-01,-0.03574954,0.00313855,-0.05375903,-0.05504048,-0.10707338,45.5544,-3.67162075,13.162605,-0.1249,0.5548,,,,,,,,,,,380.985
2022-09-01,0.04027718,0.00308775,0.03560183,-0.05527746,-0.03623277,49.1199,-4.01150001,13.350633,-24.0095,18.036,,,,,,,,,,,396.33
2022-09-02,-0.04885323,-0.01054372,-0.05324861,-0.03224664,-0.11886307,45.1061,-4.48519382,13.198803,26.0461,0.8542,,,,,,,,,,,376.968
2022-09-02,0.04038009,-0.01044584,0.03264147,-0.03246577,-0.03331,48.6582,-4.76484741,14.011888,-12.3463,16.216,,,,,,,,,,,392.19
2022-09-06,-0.04244116,-0.00377486,-0.04951786,-0.02948162,-0.11048343,45.2129,-5.16292164,13.418182,15.0461,0.4063,,,,,,,,,,,375.545
2022-09-06,0.04070085,-0.00346771,0.02584091,-0.0293073,-0.01617597,48.7981,-5.35872134,13.786526,-16.3058,17.2988,,,,,,,,,,,390.83
2022-09-07,-0.02184582,0.01796589,-0.03541998,-0.00107916,-0.07527152,46.95,-5.54148033,13.40106,1.9216,6.1568,,,,,,,,,,,382.292
2022-09-07,0.04061817,0.01788501,0.05531504,-0.00087902,0.00384814,50.6134,-5.4461148,13.605127,-39.9178,20.1334,,,,,,,,,,,397.82
2022-09-08,-0.03275099,0.00653689,-0.01886586,0.0131598,-0.06672083,47.6406,-5.37688272,13.114761,25.4004,7.1283,,,,,,,,,,,384.791
2022-09-08,0.04049991,0.0064225,0.06611724,0.0133254,0.00707309,51.3234,-5.06677122,13.325064,-39.7942,24.2368,,,,,,,,,,,400.375
2022-09-09,-0.02399251,0.01553571,-0.00015608,0.0256808,-0.05533772,49.034,-4.76364764,12.882916,10.2592,11.1901,,,,,,,,,,,390.769
2022-09-09,0.04028211,0.01532313,0.06334948,0.02568567,0.00826934,52.7532,-4.21879841,13.158494,-33.6583,28.9305,,,,,,,,,,,406.51
2022-09-12,-0.02839291,0.01074548,-0.00716907,0.04774941,-0.05852403,49.879,-3.72553251,12.591458,16.9615,13.589,,,,,,,,,,,394.968
2022-09-12,0.04064127,0.01109444,0.06816428,0.04801244,0.05517176,53.6604,-3.02586432,12.887926,-23.6852,29.3705,,,,,,,,,,,411.02
2022-09-13,-0.08083792,-0.043482,-0.05639963,0.00598863,-0.06798076,45.9351,-2.75670981,13.331645,72.0721,8.1821,,,,,,,,,,,377.794
2022-09-13,0.04032886,-0.04376916,0.00578603,0.00562905,0.01570475,49.5237,-2.52213787,14.186956,3.9382,20.7794,,,,,,,,,,,393.03
2022-09-14,-0.03509656,0.00381689,-0.06709306,-0.00799389,-0.05810297,46.5135,-2.53586501,13.536459,17.6634,6.4299,,,,,,,,,,,379.236
2022-09-14,0.04032845,0.0038165,-0.00110895,-0.00827007,0.03089847,50.1327,-2.45471503,13.772712,-24.0154,20.1657,,,,,,,,,,,394.53
2022-09-15,-0.04967937,-0.01135441,-0.08780595,-0.0256269,-0.05836703,45.8508,-2.62546368,13.301804,34.4345,3.4862,,,,,,,,,,,374.93
2022-09-15,0.04070093,-0.01100043,0.03281153,-0.02543865,0.02737544,49.4695,-2.69569824,13.850961,-14.7737,17.54,,,,,,,,,,,390.19
2022-09-16,-0.04640816,-0.00759608,-0.05329873,-0.04782109,-0.0582825,45.5772,-2.98200922,13.43875,5.2031,3.8864,,,,,,,,,,,372.082
2022-09-16,0.03627695,-0.01181476,0.01672837,-0.05148705,0.01206084,48.8104,-3.16659451,13.490839,-17.0473,19.6637,,,,,,,,,,,385.58
2022-09-19,-0.02752477,0.00775367,-0.04958558,-0.05063955,-0.05390205,46.4726,-3.43985075,12.98235,8.6968,7.2745,,,,,,,,,,,374.967
2022-09-19,0.03613118,0.00761191,0.03623343,-0.05475403,0.03063125,49.7793,-3.53036914,13.023111,-18.5494,23.5561,,,,,,,,,,,388.515
2022-09-20,-0.04594932,-0.01147834,-0.05004485,-0.01887537,-0.05488921,45.7672,-3.77837767,12.615746,22.1639,6.647,,,,,,,,,,,370.663
2022-09-20,0.036575,-0.01105491,0.03262184,-0.02241559,0.02309976,49.1209,-3.88719124,12.810836,-10.8937,24.4927,,,,,,,,,,,384.22
2022-09-21,-0.05211337,-0.01744442,-0.05545671,-0.03965605,-0.06814472,44.7221,-4.21365151,12.747919,17.4056,5.1954,,,,,,,,,,,364.197
2022-09-21,0.0362249,-0.01777627,0.0064619,-0.0434441,-0.01282266,48.0248,-4.43932454,13.62971,-9.524,18.7329,,,,,,,,,,,377.39
2022-09-22,-0.0430642,-0.0083993,-0.07046575,-0.03678553,-0.09220753,44.4978,-4.83916898,12.957588,14.8638,3.2006,,,,,,,,,,,361.138
2022-09-22,0.03641821,-0.00821431,0.00978517,-0.04074938,-0.02729014,47.8365,-5.10635826,13.212189,-16.3024,15.5287,,,,,,,,,,,374.29
2022-09-23,-0.05130514,-0.01675537,-0.07582375,-0.04567542,-0.11311396,43.7028,-5.57112958,13.054175,4.0971,2.9183,,,,,,,,,,,355.087
2022-09-23,0.03690082,-0.01629752,0.01096385,-0.04510089,-0.05778094,47.0642,-5.91362896,13.227663,-17.093,16.3425,,,,,,,,,,,368.19
2022-09-26,-0.04512616,-0.00989053,-0.06840404,-0.06238416,-0.13513813,43.5161,-6.41314055,12.795687,19.8794,2.1336,,,,,,,,,,,351.575
2022-09-26,0.0362796,-0.01048372,0.00883873,-0.06224985,-0.07757084,46.83,-6.7667637,13.211352,-9.9077,17.0228,,,,,,,,,,,364.33
2022-09-27,-0.03747427,-0.00255422,-0.06308745,-0.0539196,-0.14681281,43.8635,-7.21281211,12.948398,13.9331,2.9078,,,,,,,,,,,350.677
2022-09-27,0.03626699,-0.00256635,0.02339708,-0.05420072,-0.03811336,47.2176,-7.47406058,13.43087,-16.2168,17.4886,,,,,,,,,,,363.395
2022-09-28,-0.01601013,0.01967623,-0.02882479,-0.01817698,-0.09020431,45.8675,-7.68157283,13.164379,-1.2682,7.492,,,,,,,,,,,357.577
2022-09-28,0.0361964,0.01960676,0.05388608,-0.01820398,-0.02298305,49.3381,-7.62052027,13.275709,-23.5209,19.9208,,,,,,,,,,,370.52
2022-09-29,-0.05509014,-0.02088781,-0.03903604,-0.03054234,-0.11259473,44.4933,-7.70262979,13.100302,29.0471,6.3931,,,,,,,,,,,350.108
2022-09-29,0.03613742,-0.02094354,0.03445621,-0.03080499,-0.03245939,47.9078,-7.6507551,13.373994,-6.3774,19.7514,,,,,,,,,,,362.76
2022-09-30,-0.04980152,-0.0154638,-0.05146191,-0.02926888,-0.11659961,43.7676,-7.78841591,13.05228,18.1681,5.6127,,,,,,,,,,,344.694
2022-09-30,0.03631047,-0.01529937,-0.00102635,-0.02982156,-0.03996968,47.1736,-7.82022066,13.628975,-9.8656,18.0805,,,,,,,,,,,357.21
2022-10-03,-0.009563,0.02640023,-0.04514196,0.0063116,-0.08243685,46.3485,-7.82068603,13.465476,-1.9912,11.0658,,,,,,,,,,,353.794
2022-10-03,0.03636579,0.02645503,0.04727684,0.0063953,-0.02215395,49.9028,-7.57838965,13.556942,-46.9996,21.1566,,,,,,,,,,,366.66
2022-10-04,-0.00519009,0.03098696,0.00550502,0.04015091,-0.06115079,49.3817,-7.20972506,13.405161,-8.779,14.1279,,,,,,,,,,,364.757
2022-10-04,0.03627895,0.03090056,0.09659582,0.04016291,0.01976728,53.053,-6.55362413,13.392864,-33.3487,27.3452,,,,,,,,,,,377.99
2022-10-05,-0.03725495,-0.00232758,0.01875087,0.01770528,-0.05286555,48.9817,-5.9614906,13.044088,25.1678,17.4821,,,,,,,,,,,363.908
2022-10-05,0.03649824,-0.00211646,0.06612888,0.01800173,0.03567575,52.6709,-5.21499723,13.221796,-16.3882,32.2674,,,,,,,,,,,377.19
2022-10-06,-0.04516557,-0.01031579,-0.01774396,0.028694,-0.04567159,47.8877,-4.67079991,12.70881,30.9099,18.6395,,,,,,,,,,,360.154
2022-10-06,0.03619563,-0.01060474,0.0231195,0.02875179,0.03337228,51.516,-4.0632981,13.124324,-13.4344,28.5216,,,,,,,,,,,373.19
2022-10-07,-0.06185053,-0.02789362,-0.07376386,0.01570668,-0.06460766,45.4782,-3.80696326,13.069229,49.2536,12.104,,,,,,,,,,,350.108
2022-10-07,0.03610886,-0.02797503,-0.00318212,0.01550908,0.02158063,49.0036,-3.573798,13.500856,-3.2739,20.322,,,,,,,,,,,362.75
2022-10-10,-0.04222192,-0.00763764,-0.07888862,-0.01797656,-0.05637307,45.1911,-3.60359032,13.003652,26.747,5.9003,,,,,,,,,,,347.434
2022-10-10,0.03639828,-0.00736044,-0.00020547,-0.01794578,0.02419114,48.7374,-3.58666473,13.270248,-14.832,17.8209,,,,,,,,,,,360.08
2022-10-11,-0.04122973,-0.00633214,-0.0749109,-0.0535233,-0.05241402,45.052,-3.77002907,12.84523,19.6442,3.6419,,,,,,,,,,,345.234
2022-10-11,0.0365723,-0.0061653,0.02214174,-0.05325538,0.02048324,48.611,-3.85928587,13.195285,-16.2185,18.8477,,,,,,,,,,,357.86
2022-10-12,-0.03846476,-0.00329921,-0.0514266,-0.05444508,-0.05311025,45.1757,-4.09569534,12.504051,20.9179,2.3589,,,,,,,,,,,344.095
2022-10-12,0.03610921,-0.00374448,0.02615173,-0.05479997,-0.00295601,48.6999,-4.20437574,12.73269,-15.5579,17.7258,,,,,,,,,,,356.52
2022-10-13,-0.00937956,0.02639097,-0.01917352,-0.01937505,-0.04680989,47.8091,-4.27106978,13.208926,-25.9379,14.0814,,,,,,,,,,,353.176
2022-10-13,0.03653702,0.02681476,0.06038223,-0.01905196,0.04562021,51.4959,-4.09234095,13.649003,-31.6904,30.1088,,,,,,,,,,,366.08
2022-10-14,-0.05723339,-0.02278751,-0.03557816,-0.01422418,-0.04860514,45.8344,-4.09410473,13.624074,30.8387,15.4556,,,,,,,,,,,345.128
2022-10-14,0.03636912,-0.0229458,0.03948038,-0.01397657,0.03767399,49.4219,-3.9993142,14.443926,-4.9087,25.35,,,,,,,,,,,357.68
2022-10-17,-0.01029691,0.02569771,-0.00707674,0.01888992,-0.00899471,48.4088,-3.89861924,14.176431,-5.5895,19.4983,,,,,,,,,,,353.997
2022-10-17,0.03633647,0.0256654,0.03874555,0.01882915,0.0369311,52.1019,-3.58539471,14.161901,-32.7961,30.8535,,,,,,,,,,,366.86
2022-10-18,-0.02372567,0.01174869,-0.02164554,0.03742969,-0.02319315,49.5187,-3.28607589,13.763908,6.741,21.6407,,,,,,,,,,,358.156
2022-10-18,0.03639196,0.01180287,0.07551401,0.0372492,0.0176364,53.2561,-2.79572422,14.0132,-19.2124,26.198,,,,,,,,,,,371.19
2022-10-19,-0.04195156,-0.0070863,-0.00576493,0.03348784,-0.05918675,48.6244,-2.45341203,13.462257,22.08,11.8951,,,,,,,,,,,355.618
2022-10-19,0.03630862,-0.00716614,0.04105402,0.03368675,0.01270101,52.3267,-2.01023745,13.656524,-12.4994,26.2979,,,,,,,,,,,368.53
2022-10-20,-0.0431281,-0.0083854,-0.03877228,-0.00152898,-0.06509717,47.7638,-1.77607398,13.256773,23.0139,12.3905,,,,,,,,,,,352.636
2022-10-20,0.03619596,-0.0084932,0.02022582,-0.00185752,0.01456599,51.427,-1.47749966,13.740146,-11.7459,22.1467,,,,,,,,,,,365.4
2022-10-21,-0.01147783,0.02430268,-0.02689728,0.04658561,-0.03211233,50.1817,-1.21775093,13.562993,-5.3353,13.8401,,,,,,,,,,,361.206
2022-10-21,0.03625078,0.02435687,0.0525339,0.04646611,0.06909868,53.9322,-0.78427115,13.564136,-26.8154,27.2675,,,,,,,,,,,374.3
2022-10-24,-0.02317392,0.01223678,-0.00787996,0.03285056,0.00792833,51.1833,-0.40122494,13.091698,11.3634,13.5732,,,,,,,,,,,365.626
2022-10-24,0.0359493,0.01194229,0.07411041,0.0324647,0.09019267,54.9319,0.14074988,13.186148,-12.7452,27.1163,,,,,,,,,,,378.77
2022-10-25,-0.01928875,0.01596714,0.01659551,0.03715699,0.0316152,52.5179,0.63704311,12.714209,15.5598,16.1063,,,,,,,,,,,371.464
2022-10-25,0.03598195,0.01599916,0.06540312,0.03674668,0.11469322,56.3014,1.29048226,12.789694,-17.104,32.9458,,,,,,,,,,,384.83
2022-10-26,-0.04200556,-0.00753505,-0.01505477,0.03668824,0.03019337,51.0077,1.74731867,12.321144,35.71,15.9206,,,,,,,,,,,368.665
2022-10-26,0.03652367,-0.00701609,0.04513902,0.03690337,0.11053633,54.8185,2.26782388,12.789991,-11.614,26.3701,,,,,,,,,,,382.13
2022-10-27,-0.04038678,-0.00533818,-0.03187422,0.03987398,0.02854538,50.0164,2.5495564,12.28142,24.1278,7.4791,,,,,,,,,,,366.697
2022-10-27,0.0364688,-0.00539084,0.02316779,0.04014778,0.076149,53.7936,2.87440938,12.706533,-15.6864,21.7739,,,,,,,,,,,380.07
2022-10-28,-0.01223196,0.02379076,-0.02444976,0.03935427,0.02551628,52.3136,3.12853666,12.501781,-3.19,11.1032,,,,,,,,,,,375.421
2022-10-28,0.03614342,0.02346936,0.05513135,0.03924659,0.12708908,56.1092,3.53436757,12.615868,-27.1427,24.8185,,,,,,,,,,,388.99
2022-10-31,-0.04185455,-0.00722389,-0.02465391,0.01937225,0.042018,50.8765,3.74619967,11.981163,24.3687,7.5954,,,,,,,,,,,372.709
2022-10-31,0.0362508,-0.00712101,0.05324014,0.01966893,0.0910262,54.6558,4.03235424,12.244723,-13.7811,25.4645,,,,,,,,,,,386.22
2022-11-01,-0.03920563,-0.00437607,-0.0236588,-0.00103913,0.01149757,50.012,4.0993197,11.877243,22.4527,6.614,,,,,,,,,,,371.078
2022-11-01,0.03619724,-0.00442753,0.02421015,-0.00083154,0.07358246,53.7647,4.23034776,12.406868,-5.6768,23.5982,,,,,,,,,,,384.51
2022-11-02,-0.05915321,-0.02509715,-0.06998895,-0.01871618,-0.02539131,47.2905,4.0221353,12.511378,75.1896,4.6209,,,,,,,,,,,361.765
2022-11-02,0.03663981,-0.02468076,0.00620055,-0.01860623,0.05455854,50.9941,3.81451681,13.535208,-1.115,14.3002,,,,,,,,,,,375.02
2022-11-03,-0.04527759,-0.01029674,-0.0729636,-0.02360805,-0.02846444,46.4878,3.33855429,13.013407,11.7368,-0.3861,,,,,,,,,,,358.04
2022-11-03,0.03629483,-0.0106261,-0.00011588,-0.02377194,0.05217561,50.1206,2.91906806,13.238164,-22.964,14.0825,,,,,,,,,,,371.035
2022-11-04,-0.02113278,0.01439504,-0.05543679,-0.03256877,-0.00603722,48.0031,2.42521851,12.926152,4.1466,3.6704,,,,,,,,,,,363.194
2022-11-04,0.03564486,0.01375881,0.03973574,-0.03303427,0.04134483,51.6362,2.1116662,13.113998,-27.8565,17.2425,,,,,,,,,,,376.14
2022-11-07,-0.02518211,0.00956514,-0.02227081,-0.01620836,-0.02039006,48.9417,1.77162448,12.537284,9.2562,5.9227,,,,,,,,,,,366.668
2022-11-07,0.03638714,0.01028872,0.06136186,-0.01607892,0.03934075,52.6869,1.64163119,12.63405,-26.5617,22.3014,,,,,,,,,,,380.01
2022-11-08,-0.02990448,0.00539453,-0.00643875,-0.00655388,-0.02672862,49.3655,1.46505906,12.260189,14.4846,8.4362,,,,,,,,,,,368.646
2022-11-08,0.03603457,0.0050525,0.05158676,-0.00670984,0.028175,53.0884,1.47714772,12.561175,-23.463,24.4647,,,,,,,,,,,381.93
2022-11-09,-0.05466709,-0.02060242,-0.04011538,-0.00197366,-0.06179092,47.2127,1.27037262,12.258234,43.9414,7.0081,,,,,,,,,,,361.051
2022-11-09,0.03633559,-0.02031786,0.02045993,-0.00226655,0.01493226,50.8906,1.143668,12.81686,-8.2701,19.7897,,,,,,,,,,,374.17
2022-11-10,0.01796777,0.05495623,0.00232362,0.06382806,-0.00323712,52.709,1.17844696,13.392085,-34.3782,17.9052,,,,,,,,,,,380.893
2022-11-10,0.03568456,0.0542935,0.07009163,0.06320158,0.07577919,56.2371,1.52678403,13.44565,-41.5858,29.88,,,,,,,,,,,394.485
2022-11-11,-0.02511122,0.00967726,0.00693583,0.05888038,0.0118636,53.1263,1.89186855,12.895247,13.5537,18.8418,,,,,,,,,,,384.579
2022-11-11,0.03619802,0.01017783,0.10372219,0.05944595,0.06147498,56.7472,2.46610119,13.029229,-14.962,31.7961,,,,,,,,,,,398.5
2022-11-14,-0.04314429,-0.008508,0.01907422,0.0399244,-0.01975115,51.46,2.86139657,12.480713,23.0826,16.7361,,,,,,,,,,,381.307
2022-11-14,0.03570089,-0.00898369,0.03682662,0.03923581,0.05959341,55.0325,3.33448128,12.93659,-9.3686,30.8676,,,,,,,,,,,394.92
2022-11-15,-0.02623316,0.00853118,-0.02515939,0.04316879,-0.00429807,51.9018,3.65863524,12.57112,10.8223,18.5315,,,,,,,,,,,384.56
2022-11-15,0.03632723,0.00914109,0.03627603,0.04346346,0.07397906,55.5721,4.08699402,12.939611,-15.3754,23.9279,,,,,,,,,,,398.53
2022-11-16,-0.04241588,-0.0076295,-0.04234379,0.05698641,-0.00750046,50.5459,4.27920256,12.282496,25.31,4.7583,,,,,,,,,,,381.626
2022-11-16,0.03638117,-0.00757785,0.0372482,0.0570329,0.09327879,54.2092,4.52507876,12.551889,-12.6179,20.7318,,,,,,,,,,,395.51
2022-11-17,-0.03805719,-0.00306059,-0.03662007,-0.00114205,0.01450056,49.8942,4.54124414,12.038897,18.8386,4.1016,,,,,,,,,,,380.458
2022-11-17,0.03643503,-0.00300877,0.02537965,-0.00041827,0.10132946,53.5604,4.62339349,12.211976,-14.7178,23.2915,,,,,,,,,,,394.32
2022-11-18,-0.03077196,0.00454189,-0.04101071,-0.00622239,0.03005377,50.1045,4.5384654,11.680406,12.1185,6.8623,,,,,,,,,,,382.186
2022-11-18,0.03674651,0.00484378,0.03826783,-0.00569636,0.09095965,53.8186,4.56698821,11.954234,-8.351,25.0146,,,,,,,,,,,396.23
2022-11-21,-0.03895212,-0.00363697,-0.0372026,-0.00134013,0.01237837,49.4611,4.40847508,11.35536,50.6458,2.5854,,,,,,,,,,,380.796
2022-11-21,0.03614534,-0.00421472,0.03706585,-0.00091158,0.07606881,53.1075,4.35058975,11.609549,-12.8019,23.7635,,,,,,,,,,,394.56
2022-11-22,-0.02189781,0.01345602,-0.0213025,0.00353651,0.01555222,50.6377,4.21104838,11.173867,25.4596,6.9291,,,,,,,,,,,385.92
2022-11-22,0.03614739,0.01345803,0.04627066,0.00336236,0.08469914,54.3306,4.24060786,11.385376,-52.7527,25.5486,,,,,,,,,,,399.87
2022-11-23,-0.02880436,0.00630182,-0.01988239,0.01762459,0.0168146,50.9419,4.18117875,10.830707,24.4115,6.5698,,,,,,,,,,,388.352
2022-11-23,0.03576137,0.00592693,0.05631362,0.017016,0.11408084,54.6175,4.28113386,11.09837,-41.0798,26.5595,,,,,,,,,,,402.24
2022-11-25,-0.03474294,-0.00022402,-0.01595448,0.02052,0.03767004,50.516,4.24302757,10.403844,36.6484,3.5027,,,,,,,,,,,388.265
2022-11-25,0.03604497,4.972e-05,0.04234038,0.02013593,0.05609712,54.2233,4.333996,10.705355,-36.5259,25.6477,,,,,,,,,,,402.26
2022-11-28,-0.05019142,-0.0159556,-0.04451447,-0.00030352,-0.03147141,48.5699,4.16909953,10.451401,68.7647,2.6533,,,,,,,,,,,382.07
2022-11-28,0.03619756,-0.01581067,0.01943598,-0.00083285,0.02943738,52.243,4.0636234,11.041301,-19.4683,20.5351,,,,,,,,,,,395.9
2022-11-29,-0.03659005,-0.00171696,-0.05177506,0.00162292,-0.04287578,48.348,3.76054253,10.538351,39.6388,-0.793,,,,,,,,,,,381.414
2022-11-29,0.03647218,-0.00145239,0.01818346,0.00193887,0.03676303,52.0455,3.56286568,10.917469,-25.1174,18.9082,,,,,,,,,,,395.325
2022-11-30,-0.00479858,0.03149858,-0.02195595,0.01945481,-0.00377798,51.504,3.40323055,11.151935,-17.5885,10.8643,,,,,,,,,,,393.428
2022-11-30,0.03564057,0.03067097,0.06642762,0.01895616,0.05952257,55.2129,3.49176375,11.362654,-55.2916,28.227,,,,,,,,,,,407.45
2022-12-01,-0.03512333,-0.00073457,-0.00697398,0.01232645,-0.01352721,50.9316,3.49492091,10.926036,33.2133,11.373,,,,,,,,,,,393.139
2022-12-01,0.03630014,-9.817e-05,0.06815691,0.01285302,0.06756353,54.7036,3.66412036,11.347105,-22.8475,28.5568,,,,,,,,,,,407.41
2022-12-02,-0.03614295,-0.00115481,-0.00667805,0.01138398,-0.00714268,50.3986,3.68524213,10.945169,31.2757,14.423,,,,,,,,,,,392.685
2022-12-02,0.0360849,-0.00136226,0.03412823,0.01142296,0.06938217,54.1389,3.83011911,11.245157,-27.1756,30.6501,,,,,,,,,,,406.855
2022-12-05,-0.05219058,-0.01798897,-0.05357467,0.00929411,-0.02206076,48.2655,3.69746308,11.062288,56.483,13.3643,,,,,,,,,,,385.621
2022-12-05,0.03627655,-0.01780733,0.01645983,0.00937105,0.04559037,51.9629,3.61256784,11.649911,-13.4611,22.3179,,,,,,,,,,,399.61
2022-12-06,-0.04891519,-0.01441312,-0.06712403,-0.00354208,-0.04080206,46.9172,3.24196375,11.414203,39.3045,4.9885,,,,,,,,,,,380.063
2022-12-06,0.03648606,-0.01421386,0.00317048,-0.00352874,0.03449091,50.5832,2.92556136,12.02226,-16.7389,20.6103,,,,,,,,,,,393.93
2022-12-07,-0.03684411,-0.00170235,-0.06744172,-0.03561516,-0.038382,46.9299,2.42148754,11.42567,27.5254,4.0907,,,,,,,,,,,379.416
2022-12-07,0.03609231,-0.00208159,0.01942062,-0.0351945,0.0186308,50.5581,2.03917001,11.766979,-23.3733,18.9562,,,,,,,,,,,393.11
2022-12-08,-0.02727481,0.00783309,-0.04309702,-0.02734656,-0.04371921,47.8025,1.57749773,11.230052,14.0704,3.0258,,,,,,,,,,,382.388
2022-12-08,0.0359504,0.00769505,0.04228773,-0.02767482,0.0200411,51.4558,1.30601899,11.495905,-30.4503,20.6596,,,,,,,,,,,396.135
2022-12-09,-0.04191248,-0.00746885,-0.03654964,-0.03349504,-0.05645386,47.1624,0.90011339,10.994055,35.3286,-0.8105,,,,,,,,,,,379.532
2022-12-09,0.03626308,-0.00716927,0.0365799,-0.03332883,0.01295507,50.8253,0.64875896,11.499337,-19.8312,17.4802,,,,,,,,,,,393.295
2022-12-12,-0.02108087,0.01441776,-0.02062018,-0.00160002,-0.04289763,48.6379,0.37369391,11.081884,5.1706,2.0934,,,,,,,,,,,385.004
2022-12-12,0.03610612,0.0142641,0.04319435,-0.00176422,0.04406261,52.3414,0.31911749,11.283607,-38.9298,22.0525,,,,,,,,,,,398.905
2022-12-13,-0.0275429,0.00756875,-0.02074293,0.02066763,-0.02016166,49.3147,0.22958154,11.305135,16.0195,3.2189,,,,,,,,,,,387.918
2022-12-13,0.03637882,0.00783395,0.05927827,0.02056203,0.0540515,53.0686,0.34745272,12.097054,-28.3979,18.9753,,,,,,,,,,,402.03
2022-12-14,-0.04127055,-0.0063931,-0.01997737,0.01587176,-0.0250098,48.5187,0.32363608,11.889407,33.7259,3.6769,,,,,,,,,,,385.438
2022-12-14,0.03619778,-0.00656667,0.03736585,0.01597517,0.01515398,52.2277,0.43411916,12.463164,-20.0035,19.4779,,,,,,,,,,,399.39
2022-12-15,-0.05854178,-0.02446308,-0.05739712,-0.01668201,-0.0771653,46.2183,0.24896733,12.394723,37.7621,4.8271,,,,,,,,,,,376.009
2022-12-15,0.03670391,-0.02398658,0.00487732,-0.01596678,-0.00846774,49.8839,0.1078427,12.880529,-9.4849,16.5221,,,,,,,,,,,389.81
2022-12-16,-0.04674072,-0.01175238,-0.07571574,-0.02092577,-0.08792126,45.4771,-0.28922382,12.58692,6.7184,4.644,,,,,,,,,,,371.59
2022-12-16,0.03164778,-0.01657218,-0.00541721,-0.02528636,-0.02377223,48.6314,-0.63761173,12.75214,-13.0867,16.5962,,,,,,,,,,,383.35
2022-12-19,-0.03889396,-0.00847708,-0.07749318,-0.04302293,-0.09441939,45.0711,-1.17365286,12.236987,12.2849,3.6043,,,,,,,,,,,368.44
2022-12-19,0.03137553,-0.00873875,0.01061411,-0.04739224,-0.01457649,48.2353,-1.6121032,12.458631,-11.1285,16.7304,,,,,,,,,,,380.0
2022-12-20,-0.02909474,0.00136793,-0.05352864,-0.0489124,-0.07673982,45.5337,-2.13911893,11.881586,9.7872,3.0897,,,,,,,,,,,368.944
2022-12-20,0.03129472,0.00128947,0.02395113,-0.05357809,0.0011235,48.7613,-2.50493353,11.979401,-12.7074,19.2185,,,,,,,,,,,380.49
2022-12-21,-0.01584799,0.01495078,-0.0231903,-0.02848188,-0.04942502,47.1885,-2.84102966,11.618015,0.5249,5.943,,,,,,,,,,,374.46
2022-12-21,0.03116488,0.01482299,0.04801325,-0.03320063,0.01769562,50.515,-2.9482168,11.709943,-17.6777,21.9597,,,,,,,,,,,386.13
2022-12-22,-0.0440577,-0.01426588,-0.02863684,-0.01832669,-0.06103126,45.9694,-3.17100623,11.690875,15.596,9.5444,,,,,,,,,,,369.118
2022-12-22,0.03145877,-0.01398493,0.03194523,-0.0232934,-0.00433591,49.3216,-3.2620839,11.873456,-9.775,24.4422,,,,,,,,,,,380.73
2022-12-23,-0.02492317,0.00575155,-0.02430813,-0.00093921,-0.06284221,46.7681,-3.40978926,11.384637,8.8548,12.9824,,,,,,,,,,,371.241
2022-12-23,0.03100142,0.0053056,0.02213855,-0.00156515,0.00847886,50.1399,-3.39385383,11.414235,-23.3571,27.5386,,,,,,,,,,,382.75
2022-12-27,-0.03389419,-0.00394353,-0.04235102,0.00362881,-0.05979735,46.5598,-3.47542823,10.848932,25.4318,12.8114,,,,,,,,,,,369.777
2022-12-27,0.03125668,-0.00369693,0.03309782,0.00351316,-0.00952977,49.9861,-3.42152131,11.023866,-29.7818,25.9351,,,,,,,,,,,381.335
2022-12-28,-0.04235908,-0.01242641,-0.04083734,-0.01019667,-0.08453893,45.5871,-3.53543654,10.734304,59.7379,7.627,,,,,,,,,,,365.182
2022-12-28,0.03151305,-0.01218089,0.0146778,-0.00998712,-0.02894426,49.0287,-3.55690643,11.263854,-18.0986,20.7056,,,,,,,,,,,376.69
2022-12-29,-0.01310096,0.01799924,-0.02872632,-0.00722374,-0.07530533,47.6372,-3.58993602,11.006435,-4.3196,9.0225,,,,,,,,,,,371.755
2022-12-29,0.0312437,0.01773341,0.03675999,-0.00714785,-0.00536532,51.1512,-3.43498681,11.11919,-48.2463,23.1261,,,,,,,,,,,383.37
2022-12-30,-0.03285077,-0.00263345,-0.02768956,0.00449179,-0.07164426,47.4342,-3.3634397,10.677819,35.7938,8.8876,,,,,,,,,,,370.776
2022-12-30,0.03153926,-0.0023476,0.04734078,0.00457017,0.0171831,50.9951,-3.15368114,10.757547,-28.4652,25.1829,,,,,,,,,,,382.47
2023-01-03,-0.03465631,-0.00421009,-0.0198439,-0.00545737,-0.05283343,47.1003,-3.07257811,10.603365,39.1764,9.3915,,,,,,,,,,,369.215
2023-01-03,0.0317024,-0.00405261,0.02465333,-0.00478119,0.02510832,50.6824,-2.88261597,11.075267,-29.5586,25.0799,,,,,,,,,,,380.92
2023-01-04,-0.02324373,0.00772179,-0.02948588,0.00619022,-0.02943524,48.0328,-2.7690715,10.704177,18.3401,12.0104,,,,,,,,,,,372.066
2023-01-04,0.03140303,0.00742938,0.03499148,0.00633301,0.04155358,51.6267,-2.51665367,10.922021,-38.9665,24.2964,,,,,,,,,,,383.75
2023-01-05,-0.04151401,-0.01141464,-0.03830627,0.00722106,-0.03205526,46.8674,-2.43885871,10.498305,73.9615,6.2387,,,,,,,,,,,367.819
2023-01-05,0.03132247,-0.01149186,0.02742305,0.00703496,0.02817772,50.4266,-2.28522264,10.749212,-23.6797,20.4847,,,,,,,,,,,379.34
2023-01-06,-0.00813518,0.02293247,-0.01224929,0.01210206,-0.01113301,49.4706,-2.13613153,10.689268,-18.0552,11.0468,,,,,,,,,,,376.254
2023-01-06,0.03124485,0.02285549,0.04285261,0.01210319,0.03618544,53.1167,-1.80527593,10.853321,-50.9311,25.6487,,,,,,,,,,,388.01
2023-01-09,-0.03084714,-0.00056611,-0.0200886,0.01419995,-0.02612851,49.2224,-1.56468167,10.508798,31.4993,8.7534,,,,,,,,,,,376.041
2023-01-09,0.03153645,-0.0002835,0.05459479,0.01419719,0.05088346,52.9065,-1.20050419,11.015241,-13.0982,22.9171,,,,,,,,,,,387.9
2023-01-10,-0.02377417,0.00701253,-0.00174514,0.02563005,-0.00538965,49.876,-0.92235335,10.541295,16.6825,8.9203,,,,,,,,,,,378.678
2023-01-10,0.03148321,0.00696056,0.0381285,0.02541216,0.05214672,53.5781,-0.52039269,10.64206,-30.714,25.9071,,,,,,,,,,,390.6
2023-01-11,-0.01826165,0.01264663,-0.01170846,0.03064241,0.00187329,51.1442,-0.17451864,10.239055,7.4554,12.8257,,,,,,,,,,,383.467
2023-01-11,0.03150988,0.01267281,0.05187998,0.03074919,0.06969876,54.883,0.31124508,10.373623,-29.0847,25.1371,,,,,,,,,,,395.55
2023-01-12,-0.02701808,0.00364047,-0.00782934,0.04633801,0.00925171,51.1542,0.68801017,10.065864,21.2404,9.797,,,,,,,,,,,384.863
2023-01-12,0.03161385,0.00374163,0.04846334,0.04663363,0.08721131,54.9102,1.16925564,10.318088,-17.2236,29.0906,,,,,,,,,,,397.03
2023-01-13,-0.02688462,0.0038793,-0.01086534,0.02684888,0.02566036,51.1913,1.51779731,9.99251,17.2637,15.1742,,,,,,,,,,,386.356
2023-01-13,0.03140627,0.0036773,0.03917677,0.02700961,0.07191564,54.9283,1.95502319,10.187617,-21.3444,31.2896,,,,,,,,,,,398.49
2023-01-17,-0.03222415,-0.00182992,-0.02503097,0.02555041,0.00594465,50.52,2.21558797,9.686358,23.4755,11.6363,,,,,,,,,,,385.649
2023-01-17,0.03137827,-0.00185701,0.03348464,0.02539314,0.07275012,54.2466,2.53978036,10.033119,-15.7375,27.456,,,,,,,,,,,397.75
2023-01-18,-0.04573224,-0.01578897,-0.04400171,0.00232916,-0.00760844,48.3515,2.59085911,9.947896,40.0155,5.4713,,,,,,,,,,,379.56
2023-01-18,0.03169459,-0.01548712,0.01354709,0.00253456,0.06060155,52.0619,2.65410442,10.704475,3.9563,19.6081,,,,,,,,,,,391.59
2023-01-19,-0.03777676,-0.00727948,-0.054438,-0.01739393,-0.0108238,47.5393,2.47959715,10.249155,57.9417,3.2076,,,,,,,,,,,376.797
2023-01-19,0.03124494,-0.00771215,0.00757424,-0.01764632,0.04435772,51.1745,2.34739898,10.535858,-20.9002,17.3935,,,,,,,,,,,388.57
2023-01-20,-0.0122346,0.01862807,-0.03503206,-0.00272045,0.00017199,49.6775,2.16745187,10.33044,-5.3521,5.6411,,,,,,,,,,,383.816
2023-01-20,0.03145778,0.0188383,0.0430235,-0.00287132,0.07631743,53.4055,2.15470334,10.46498,-44.7546,22.1705,,,,,,,,,,,395.89
2023-01-23,-0.01886635,0.01199794,-0.00809265,0.00534481,0.02393895,50.8938,2.12334541,10.212124,11.2608,8.7446,,,,,,,,,,,388.421
2023-01-23,0.03132941,0.01187198,0.06314541,0.00526989,0.06467971,54.6371,2.27127704,10.497972,-33.0671,25.6326,,,,,,,,,,,400.59
2023-01-24,-0.03141616,-0.001071,-0.00145405,0.00610918,-1.289e-05,50.3614,2.31786606,9.998832,28.1681,10.6283,,,,,,,,,,,388.005
2023-01-24,0.03145578,-0.0009486,0.04271318,0.00618479,0.06427225,54.1119,2.48793398,10.223201,-25.6202,28.271,,,,,,,,,,,400.21
2023-01-25,-0.03013418,0.00037371,-0.01955089,0.02263147,0.0006445,50.085,2.52840008,10.002972,25.8152,15.8402,,,,,,,,,,,388.15
2023-01-25,0.03116063,8.745e-05,0.0304412,0.0221022,0.0569534,53.7985,2.6727189,10.183474,-26.281,28.9464,,,,,,,,,,,400.245
2023-01-26,-0.01956052,0.0109906,-0.0204049,0.04145203,0.00464926,51.146,2.74356637,9.805369,10.5978,14.2898,,,,,,,,,,,392.416
2023-01-26,0.03143093,0.01125561,0.04315666,0.04163986,0.05550152,54.9171,2.95517809,9.997414,-28.1595,30.5011,,,,,,,,,,,404.75
2023-01-27,-0.0282446,0.00229858,-0.01722096,0.02475665,-0.00564278,50.9885,3.05479877,9.620456,23.4207,12.4568,,,,,,,,,,,393.318
2023-01-27,0.03143004,0.00229771,0.04516295,0.02472909,0.05408938,54.7575,3.26926933,9.992352,-16.0816,30.2164,,,,,,,,,,,405.68
2023-01-30,-0.04263705,-0.0125471,-0.02963685,-9.783e-05,-0.02177921,49.0713,3.2610678,9.664327,35.5787,10.2818,,,,,,,,,,,388.383
2023-01-30,0.03153331,-0.01244824,0.02093187,9.985e-05,0.0369452,52.808,3.30169077,10.168089,-10.1789,24.1809,,,,,,,,,,,400.63
2023-01-31,-0.0163168,0.01470198,-0.02632983,0.01569052,-0.01103415,50.6709,3.25896722,9.863226,3.2153,9.0703,,,,,,,,,,,394.093
2023-01-31,0.03148242,0.01465192,0.03351487,0.01571675,0.0540673,54.4396,3.35676193,10.045638,-28.8635,24.8678,,,,,,,,,,,406.5
2023-02-01,-0.02021648,0.01062947,-0.01823605,0.02610331,0.00133752,51.6261,3.39874006,10.136664,23.469,12.5681,,,,,,,,,,,398.282
2023-02-01,0.03105337,0.0102091,0.05733258,0.02599658,0.08191063,55.3648,3.59311068,10.510331,-19.2847,27.7646,,,,,,,,,,,410.65
2023-02-02,-0.01600146,0.01455501,0.00860894,0.02972101,0.03189305,53.0202,3.75978284,10.306736,7.8205,15.5537,,,,,,,,,,,404.079
2023-02-02,0.03130823,0.0148058,0.05744076,0.02959852,0.10598014,56.8122,4.09362692,10.584183,-19.9162,31.757,,,,,,,,,,,416.73
2023-02-03,-0.04066422,-0.01062911,-0.01652153,0.01643962,0.02885966,50.8872,4.23505673,10.24817,28.668,15.2393,,,,,,,,,,,399.784
2023-02-03,0.03133192,-0.01060639,0.03522128,0.01634293,0.0742387,54.652,4.43866348,10.739444,-5.2272,27.1632,,,,,,,,,,,412.31
2023-02-06,-0.03630521,-0.0061108,-0.03240959,0.02306486,0.00366516,49.7445,4.42162986,10.273055,40.5932,11.1956,,,,,,,,,,,397.341
2023-02-06,0.03173345,-0.00572385,0.01452934,0.02326336,0.05542697,53.5298,4.45828751,10.531337,-18.2871,23.2799,,,,,,,,,,,409.95
2023-02-07,-0.01808025,0.01307945,-0.03405562,0.02142895,0.00486283,51.0935,4.39826068,10.416241,4.6043,11.9913,,,,,,,,,,,402.538
2023-02-07,0.03157963,0.01292841,0.03868589,0.02152522,0.07021817,54.8858,4.47356861,10.668795,-33.3001,26.0248,,,,,,,,,,,415.25
2023-02-08,-0.04121373,-0.01093561,-0.03437705,-0.00036657,-0.00518228,49.339,4.34651393,10.286738,39.8817,8.0026,,,,,,,,,,,398.136
2023-02-08,0.03155706,-0.01095725,0.033621,0.00012176,0.0580961,53.0873,4.28982741,10.722971,-14.0818,25.2953,,,,,,,,,,,410.7
2023-02-09,-0.0389944,-0.00866789,-0.03723625,-0.02324793,-0.01389149,48.1926,4.01493052,10.582759,38.4468,7.005,,,,,,,,,,,394.685
2023-02-09,0.03158215,-0.00864378,0.0114573,-0.02298851,0.03754689,51.9092,3.80739512,11.245776,-12.9746,22.0917,,,,,,,,,,,407.15
2023-02-10,-0.02835319,0.00233351,-0.04730644,-0.01045064,-0.02259172,48.4431,3.46010433,10.687507,26.6382,6.8728,,,,,,,,,,,395.606
2023-02-10,0.03135443,0.00211224,0.02480057,-0.01042905,0.037354,52.141,3.23343544,10.840828,-19.2169,19.3247,,,,,,,,,,,408.01
2023-02-13,-0.01901914,0.01173895,-0.02544436,0.00732117,-0.01338493,49.7376,2.96307644,10.420769,17.2461,4.492,,,,,,,,,,,400.25
2023-02-13,0.0312055,0.01159285,0.04574534,0.00680571,0.06271387,53.4563,2.8720232,10.584285,-47.5351,22.2921,,,,,,,,,,,412.74
2023-02-14,-0.03070941,-0.00046221,-0.01740145,-0.00614352,-0.00141028,49.4573,2.68936036,10.295336,37.2813,7.5391,,,,,,,,,,,400.065
2023-02-14,0.03163236,-4.846e-05,0.04326021,-0.00609272,0.04726549,53.2201,2.65462742,10.628169,-37.081,25.6422,,,,,,,,,,,412.72
2023-02-15,-0.0275126,0.00324947,-0.01628637,0.00811029,-0.01263223,49.6484,2.527222,10.196871,29.7025,11.2538,,,,,,,,,,,401.365
2023-02-15,0.03136796,0.00299234,0.0342411,0.00792549,0.03935151,53.384,2.54351613,10.367809,-40.1423,28.9913,,,,,,,,,,,413.955
2023-02-16,-0.04376563,-0.01377051,-0.04095072,0.00292132,-0.03606965,47.8793,2.35418083,10.042609,68.6527,7.2301,,,,,,,,,,,395.838
2023-02-16,0.03140679,-0.01373338,0.02050917,0.00275083,0.01037173,51.5697,2.23886592,10.544708,-22.3059,22.4465,,,,,,,,,,,408.27
2023-02-17,-0.03287285,-0.0024985,-0.04330054,-0.00191352,-0.05250642,47.6475,1.95676349,10.092943,39.9552,6.399,,,,,,,,,,,394.849
2023-02-17,0.03141961,-0.0024861,0.01467492,-0.00185044,0.01868759,51.3323,1.77838079,10.274947,-36.4827,23.1255,,,,,,,,,,,407.255
2023-02-21,-0.04991222,-0.02006083,-0.06528971,-0.0332842,-0.06156048,45.6614,1.34600001,10.143522,30.6781,2.8628,,,,,,,,,,,386.928
2023-02-21,0.03135467,-0.02012253,0.00813969,-0.03314435,0.00432626,49.264,0.96757544,10.643771,-15.6976,18.2406,,,,,,,,,,,399.06
2023-02-22,-0.03173708,-0.00137752,-0.05357974,-0.03416945,-0.05745823,45.8468,0.43853924,10.177073,15.3554,0.0485,,,,,,,,,,,386.395
2023-02-22,0.03140569,-0.00132812,0.00932255,-0.03438166,-0.00995682,49.4639,0.03544286,10.502639,-24.7336,18.4151,,,,,,,,,,,398.53
2023-02-23,-0.02529044,0.00532098,-0.04617255,-0.0321752,-0.06453703,46.6753,-0.42847124,10.177451,10.8045,3.236,,,,,,,,,,,388.451
2023-02-23,0.0312755,0.00519409,0.03533474,-0.03226196,0.00618884,50.3116,-0.7113788,10.432561,-26.4619,19.311,,,,,,,,,,,400.6
2023-02-24,-0.04068647,-0.01068346,-0.03698441,-0.02914576,-0.06427806,45.7993,-1.12442413,10.184521,23.0054,2.8322,,,,,,,,,,,384.301
2023-02-24,0.03158722,-0.01038442,0.02599671,-0.02897592,0.00444658,49.4366,-1.40115133,10.380912,-15.9889,21.1094,,,,,,,,,,,396.44
2023-02-27,-0.02731813,0.00340618,-0.03241914,-0.02339882,-0.05290434,46.4421,-1.74752329,9.985847,16.362,2.8656,,,,,,,,,,,385.61
2023-02-27,0.03133995,0.00316567,0.02379708,-0.02347424,0.00528051,50.0761,-1.92259777,10.386858,-22.6338,20.3241,,,,,,,,,,,397.695
2023-02-28,-0.03397076,-0.00369544,-0.04097604,-0.00708917,-0.05839318,46.2945,-2.19229078,9.868511,26.5491,1.2181,,,,,,,,,,,384.185
2023-02-28,0.03143017,-0.00360829,0.03111884,-0.00701649,-0.00996877,49.9337,-2.30950485,10.23826,-21.9341,17.2671,,,,,,,,,,,396.26
2023-03-01,-0.0341922,-0.00383669,-0.03463071,-0.00953428,-0.07275525,46.1544,-2.53590608,9.743385,40.35,-1.8599,,,,,,,,,,,382.711
2023-03-01,0.0313657,-0.00389896,0.02361194,-0.00957268,-0.01337283,49.7809,-2.62157872,10.044857,-27.1638,16.3505,,,,,,,,,,,394.715
2023-03-02,-0.0228722,0.0077761,-0.03019399,-0.00711544,-0.06549961,47.2059,-2.75261567,9.781653,16.6305,1.7806,,,,,,,,,,,385.687
2023-03-02,0.03148408,0.00789177,0.03551674,-0.00691463,-0.00880744,50.8859,-2.70520868,10.011392,-51.875,20.9865,,,,,,,,,,,397.83
2023-03-03,-0.01497373,0.01603891,-0.01107101,0.01970331,-0.05334396,49.0785,-2.63731637,9.76915,2.2351,7.5301,,,,,,,,,,,391.873
2023-03-03,0.03139282,0.01594902,0.05608409,0.01951115,0.02106165,52.8064,-2.35786108,9.967211,-47.8361,27.0896,,,,,,,,,,,404.175
2023-03-06,-0.02976681,0.00069155,-0.00651356,0.01694458,-0.03949837,49.0263,-2.14702526,9.500981,32.1402,6.9865,,,,,,,,,,,392.144
2023-03-06,0.03138133,0.0006804,0.04864826,0.01698538,0.02431562,52.7519,-1.78902261,9.914911,-21.2722,25.1689,,,,,,,,,,,404.45
2023-03-07,-0.04528866,-0.01532855,-0.02940201,0.00507047,-0.05186431,47.2198,-1.64570523,9.709918,53.6332,5.7601,,,,,,,,,,,386.133
2023-03-07,0.03148397,-0.01523056,0.0163752,0.0051229,0.02936464,50.9001,-1.44675261,10.338995,-13.2209,19.5203,,,,,,,,,,,398.29
2023-03-08,-0.02893871,0.00163415,-0.04307787,0.01059024,-0.03081241,47.5171,-1.40395149,9.823352,24.019,3.0082,,,,,,,,,,,386.764
2023-03-08,0.03130074,0.00145623,0.01715186,0.01052658,0.03228561,51.1868,-1.26492276,10.045684,-27.9674,17.391,,,,,,,,,,,398.87
2023-03-09,-0.04824128,-0.01845053,-0.06137223,-0.01570963,-0.0474293,45.7153,-1.3769804,10.110278,45.1023,-0.8691,,,,,,,,,,,379.628
2023-03-09,0.03166784,-0.01810114,0.01428782,-0.01553427,0.00823527,49.3576,-1.44559746,10.947544,-11.4725,15.3653,,,,,,,,,,,391.65
2023-03-10,-0.04468275,-0.01442992,-0.0606091,-0.04522639,-0.06602596,44.6601,-1.75929726,10.797005,10.0415,0.6441,,,,,,,,,,,374.15
2023-03-10,0.03136443,-0.01471978,-0.0022727,-0.04525268,0.00412177,48.219,-2.01893064,11.382219,-16.9606,14.8966,,,,,,,,,,,385.885
2023-03-13,-0.03179186,-0.00142456,-0.06331135,-0.0472454,-0.05756987,44.9635,-2.42219305,11.264918,5.0941,3.3398,,,,,,,,,,,373.617
2023-03-13,0.03135029,-0.00143825,0.01501997,-0.04727408,-0.00072612,48.536,-2.70194493,11.653352,-18.1339,15.675,,,,,,,,,,,385.33
2023-03-14,-0.0143695,0.0165303,-0.03027448,-0.01641921,-0.0450144,46.9834,-2.97179907,11.40097,-0.7948,5.9081,,,,,,,,,,,379.793
2023-03-14,0.03129863,0.01647938,0.04685287,-0.01659595,0.01950883,50.6344,-3.02487983,11.559258,-22.6828,19.0937,,,,,,,,,,,391.68
2023-03-15,-0.03641493,-0.00625604,-0.02194436,-0.02416719,-0.04755211,46.4969,-3.15997216,11.302882,20.6983,9.9046,,,,,,,,,,,377.417
2023-03-15,0.03145857,-0.00610192,0.04194938,-0.02401785,0.01719052,50.1486,-3.14275701,11.352176,-14.2838,24.2031,,,,,,,,,,,389.29
2023-03-16,-0.01348866,0.01754558,-0.00335038,0.01161927,-0.02704736,48.5697,-3.10759458,11.268449,-1.4465,17.8549,,,,,,,,,,,384.039
2023-03-16,0.03122339,0.01731357,0.04275224,0.01118345,0.02681708,52.2657,-2.86463418,11.348632,-32.5269,31.0954,,,,,,,,,,,396.03
2023-03-17,-0.04157261,-0.01164725,-0.03092831,0.01447548,-0.04590906,47.2454,-2.76031084,11.072301,32.7882,17.7115,,,,,,,,,,,379.566
2023-03-17,0.02780544,-0.01492311,0.03365773,0.01097477,-0.00447339,50.526,-2.57367712,11.333136,-7.4316,28.2196,,,,,,,,,,,390.12
2023-03-20,-0.01769712,0.00961625,-0.01560276,0.02569209,-0.05185625,48.4054,-2.44951986,10.816484,5.1993,16.6945,,,,,,,,,,,383.216
2023-03-20,0.0270448,0.00886907,0.02484383,0.02141022,0.00366192,51.6837,-2.20009563,10.824878,-35.2234,29.6709,,,,,,,,,,,393.58
2023-03-21,-0.01354998,0.01312837,-0.01965255,0.02225949,-0.04006181,49.9258,-1.96530217,10.468101,4.357,17.939,,,,,,,,,,,388.247
2023-03-21,0.0273872,0.01346613,0.05088443,0.01838235,0.03301194,53.3339,-1.57786462,10.517022,-24.0407,28.9959,,,,,,,,,,,398.88
2023-03-22,-0.0432486,-0.01704585,-0.0217651,0.01116007,-0.04183133,47.6656,-1.38669619,10.510092,43.0186,8.839,,,,,,,,,,,381.629
2023-03-22,0.02767347,-0.01677196,0.0234176,0.00744946,0.01402923,51.0925,-1.15691165,11.248728,3.7244,22.6339,,,,,,,,,,,392.19
2023-03-23,-0.0242969,0.0027042,-0.02774277,-0.00358818,-0.0406373,48.0361,-1.06436177,11.083819,20.2111,8.8084,,,,,,,,,,,382.661
2023-03-23,0.02777654,0.00280476,0.01298915,-0.00691867,0.03598786,51.5199,-0.89067415,11.478832,-20.8182,20.0063,,,,,,,,,,,393.29
2023-03-24,-0.02064126,0.00656194,-0.03436623,0.0147695,-0.01654028,48.8274,-0.80272388,11.118916,10.0504,11.0809,,,,,,,,,,,385.172
2023-03-24,0.02733324,0.00612779,0.03687089,0.01430329,0.05759722,52.3083,-0.60332495,11.085993,-19.1746,21.3184,,,,,,,,,,,395.7
2023-03-27,-0.02478645,0.00186929,-0.01605854,0.00698301,1.814e-05,48.9666,-0.4996308,10.534136,23.588,6.563,,,,,,,,,,,385.892
2023-03-27,0.02728224,0.00181956,0.03595611,0.00721581,0.06103309,52.4762,-0.29225152,10.708698,-19.1154,21.239,,,,,,,,,,,396.42
2023-03-28,-0.02874224,-0.00224415,-0.02101248,-0.00829627,-0.00078893,48.5822,-0.21187409,10.143791,34.8619,8.0373,,,,,,,,,,,385.026
2023-03-28,0.02770982,-0.00182887,0.02732026,-0.00798486,0.04187018,52.1619,-0.0446119,10.23452,-21.6829,24.3834,,,,,,,,,,,395.695
2023-03-29,-0.01282048,0.01453408,-0.01283295,0.02356477,-0.00270118,50.3663,0.08750473,9.925269,1.3649,11.7718,,,,,,,,,,,390.622
2023-03-29,0.02741269,0.01424077,0.04000601,0.02330503,0.06335963,53.9682,0.36130749,10.000107,-41.617,26.2293,,,,,,,,,,,401.33
2023-03-30,-0.02098273,0.00585476,-0.00885677,0.02678088,0.00929641,50.8434,0.57438754,9.501528,17.8435,7.1903,,,,,,,,,,,392.909
2023-03-30,0.02728622,0.00573094,0.04831881,0.02629103,0.05101305,54.4587,0.90797591,9.639347,-25.2527,27.1223,,,,,,,,,,,403.63
2023-03-31,-0.01284097,0.01409487,0.00695485,0.03446512,0.00610307,52.4503,1.21484811,9.384394,9.8408,13.8199,,,,,,,,,,,398.447
2023-03-31,0.02741393,0.01422094,0.04799525,0.03454637,0.07852126,56.1229,1.66038959,9.515723,-18.9994,32.2652,,,,,,,,,,,409.37
2023-04-03,-0.02297188,0.0038123,-0.0033987,0.03647134,0.02523839,52.3725,2.01567057,9.045314,15.5851,14.8813,,,,,,,,,,,399.966
2023-04-03,0.02761235,0.00400616,0.04606919,0.0368044,0.07252829,56.0841,2.46736005,9.213792,-16.7519,30.8454,,,,,,,,,,,411.01
2023-04-04,-0.03227172,-0.00555047,-0.01457771,0.03303673,0.01058489,50.9488,2.73855522,8.889949,24.1112,9.3349,,,,,,,,,,,397.746
2023-04-04,0.02754019,-0.0056203,0.02573241,0.03286622,0.05268038,54.6424,3.0509265,9.267382,-9.7506,26.8609,,,,,,,,,,,408.7
2023-04-05,-0.02934916,-0.00261725,-0.03093778,0.0155726,-0.00545277,50.1858,3.17440426,8.806854,28.7733,8.4289,,,,,,,,,,,396.705
2023-04-05,0.02753936,-0.00261806,0.01916163,0.0156978,0.06813161,53.8757,3.34008119,9.02815,-18.0197,24.0305,,,,,,,,,,,407.63
2023-04-06,-0.0230037,0.00390214,-0.03103817,0.01360111,0.01545934,50.4233,3.3663054,8.654854,14.3427,6.4629,,,,,,,,,,,398.253
2023-04-06,0.02753777,0.0039006,0.02884756,0.01384932,0.06940608,54.1259,3.47104823,8.837864,-19.2527,25.374,,,,,,,,,,,409.22
2023-04-10,-0.02580275,0.00102447,-0.02456325,0.00053709,0.01365659,50.2358,3.44314032,8.472303,35.2142,7.3288,,,,,,,,,,,398.661
2023-04-10,0.02764002,0.00112409,0.03270692,0.00075726,0.06362872,53.9549,3.50150656,8.65421,-25.6071,27.4939,,,,,,,,,,,409.68
2023-04-11,-0.02663542,0.0002684,-0.0217403,-0.00299525,0.00775335,49.9721,3.42881289,8.19748,45.4424,5.9858,,,,,,,,,,,398.768
2023-04-11,0.0274019,3.661e-05,0.02873048,-0.00319944,0.06168306,53.6609,3.44430307,8.497089,-30.372,26.6368,,,,,,,,,,,409.695
2023-04-12,-0.03063743,-0.00407505,-0.02951224,-0.00151604,0.00182382,49.1753,3.30614307,8.228011,79.1253,3.5436,,,,,,,,,,,397.143
2023-04-12,0.02743848,-0.00403959,0.02352625,-0.00161488,0.05977259,52.8595,3.24524059,8.712939,-33.8212,21.3252,,,,,,,,,,,408.04
2023-04-13,-0.01377806,0.01328237,-0.01772603,0.01440113,0.01699036,50.813,3.13886195,8.5083,5.9195,6.4104,,,,,,,,,,,402.418
2023-04-13,0.02729003,0.01313597,0.03669301,0.01415499,0.05831213,54.5173,3.17761357,8.716065,-64.2588,23.214,,,,,,,,,,,413.4
2023-04-14,-0.02894291,-0.00244273,-0.02016134,0.0079899,0.00026163,50.0911,3.10716159,8.452774,48.2765,5.0679,,,,,,,,,,,401.435
2023-04-14,0.02755116,-0.00218916,0.0386561,0.00800303,0.04984869,53.8231,3.14133011,8.824362,-31.7764,23.2284,,,,,,,,,,,412.495
2023-04-17,-0.02331907,0.00358962,-0.01265562,0.01057289,-0.00186805,50.3002,3.07865631,8.399407,28.963,7.5359,,,,,,,,,,,402.876
2023-04-17,0.02746254,0.00350307,0.02863192,0.01039836,0.03888347,54.0275,3.12807186,8.589735,-44.3016,26.4454,,,,,,,,,,,413.94
2023-04-18,-0.02609557,0.00065032,-0.02482342,0.01095875,-0.01522339,50.0787,3.06568329,8.186183,36.2995,7.989,,,,,,,,,,,403.138
2023-04-18,0.02747694,0.00066435,0.03183579,0.0110326,0.03562553,53.8072,3.10622833,8.50017,-35.5968,23.823,,,,,,,,,,,414.215
2023-04-19,-0.02690632,-0.00016868,-0.02284876,0.0149241,-0.01931826,49.7788,3.02427303,8.101586,39.6691,3.5487,,,,,,,,,,,403.07
2023-04-19,0.02776193,0.00010864,0.02825683,0.0152436,0.04151896,53.5398,3.04147012,8.37933,-36.7046,23.4095,,,,,,,,,,,414.26
2023-04-20,-0.03232028,-0.00545563,-0.03157221,-0.00384426,-0.01915586,48.828,2.89936669,8.065807,70.365,2.7246,,,,,,,,,,,400.871
2023-04-20,0.02735044,-0.00585381,0.02157326,-0.00378568,0.03813917,52.5134,2.83318206,8.40532,-34.376,22.1176,,,,,,,,,,,411.835
2023-04-21,-0.02586716,0.00077581,-0.03146434,-0.00063024,-0.01581827,48.8333,2.64163158,7.984226,41.776,2.0063,,,,,,,,,,,401.182
2023-04-21,0.02736414,0.00078915,0.02255191,-0.00081213,0.03492001,52.5255,2.55067237,8.233781,-43.5266,23.0375,,,,,,,,,,,412.16
2023-04-24,-0.02561869,0.00104441,-0.0305581,-0.00316475,-0.01861835,48.8725,2.35325388,7.822083,60.5139,1.8739,,,,,,,,,,,401.601
2023-04-24,0.02746258,0.00114033,0.02933363,-0.00316471,0.0350398,52.5821,2.27005549,8.081148,-46.193,22.7544,,,,,,,,,,,412.63
2023-04-25,-0.04217822,-0.01587396,-0.04032926,-0.01962603,-0.0352812,46.8103,1.97996487,7.976066,55.421,-0.6712,,,,,,,,,,,395.226
2023-04-25,0.02756398,-0.01577685,0.01230863,-0.01954299,0.01843679,50.4749,1.74469991,8.543061,-22.6446,18.6299,,,,,,,,,,,406.12
2023-04-26,-0.03094652,-0.00423555,-0.04514752,-0.02361376,-0.03940248,46.4951,1.35163996,8.222843,20.3586,-2.0233,,,,,,,,,,,393.552
2023-04-26,0.02748811,-0.00430907,0.0068949,-0.0238739,0.01819748,50.1393,1.04979623,8.655354,-31.5045,16.0386,,,,,,,,,,,404.37
2023-04-27,-0.00737691,0.01990842,-0.02724717,0.0012872,-0.01630477,49.1453,0.77096349,8.6314,-13.5455,5.683,,,,,,,,,,,401.387
2023-04-27,0.02738753,0.01980859,0.04340301,0.00132335,0.02475535,52.8547,0.69480017,8.821157,-55.771,21.6195,,,,,,,,,,,412.38
2023-04-28,-0.01835201,0.00853291,-0.00322072,0.00904826,-0.02077407,50.1431,0.62733213,8.513217,13.0302,8.3393,,,,,,,,,,,404.812
2023-04-28,0.02739049,0.00853582,0.05678538,0.00907415,0.03603323,53.8766,0.74432364,8.698916,-38.2497,26.2278,,,,,,,,,,,415.9
2023-05-01,-0.02764126,-0.00100788,8.408e-05,0.00697956,-0.01961478,49.7194,0.78568951,8.245779,33.0469,8.4435,,,,,,,,,,,404.404
2023-05-01,0.02758628,-0.0008175,0.03531006,0.00710079,0.03148363,53.4714,0.95368295,8.599367,-22.0172,26.948,,,,,,,,,,,415.56
2023-05-02,-0.03778516,-0.01124123,-0.0303652,0.01171988,-0.03401942,48.0379,0.93954772,8.537983,48.7669,11.099,,,,,,,,,,,399.858
2023-05-02,0.02742724,-0.01139426,0.01485381,0.01158525,0.01906791,51.7275,0.98482942,8.995413,-15.0096,22.7458,,,,,,,,,,,410.825
2023-05-03,-0.03337431,-0.00686244,-0.04516951,0.0090509,-0.04128532,47.2139,0.84398315,8.788598,39.6315,2.759,,,,,,,,,,,397.114
2023-05-03,0.02731206,-0.00697377,0.00879319,0.00887801,0.01213189,50.8662,0.76497684,9.355555,-19.2221,16.8251,,,,,,,,,,,407.96
2023-05-04,-0.03348122,-0.00708361,-0.05115747,-0.01765379,-0.04817989,46.5025,0.50920737,8.98873,39.3487,0.3825,,,,,,,,,,,394.301
2023-05-04,0.02704533,-0.00734141,0.01277203,-0.01798099,0.01021276,50.1016,0.32503133,9.265535,-18.4844,17.3551,,,,,,,,,,,404.965
2023-05-05,-0.00830689,0.01851378,-0.02245238,-0.00793208,-0.02484976,48.9821,0.14097201,9.229068,-9.4524,7.9982,,,,,,,,,,,401.601
2023-05-05,0.02758708,0.01905103,0.03919781,-0.00774225,0.02866031,52.7284,0.14307221,9.434063,-45.1345,22.4536,,,,,,,,,,,412.68
2023-05-08,-0.02658719,0.00026643,-0.01532503,-0.0066666,-0.02535908,48.8989,0.08636556,8.900201,26.0927,5.685,,,,,,,,,,,401.708
2023-05-08,0.0276121,0.00029078,0.04691593,-0.00664164,0.02788589,52.6434,0.17254211,9.086759,-26.926,23.9805,,,,,,,,,,,412.8
2023-05-09,-0.03113857,-0.00438627,-0.01239366,0.00022008,-0.0307394,48.2326,0.13828623,8.58849,35.1009,4.8617,,,,,,,,,,,399.946
2023-05-09,0.02748871,-0.00450581,0.02325442,0.00027992,0.03975953,51.9415,0.20542907,8.841026,-21.9356,23.8497,,,,,,,,,,,410.94
2023-05-10,-0.02220519,0.00467313,-0.02632791,0.01183791,-0.01060032,48.8153,0.18655465,8.614167,17.4389,8.5426,,,,,,,,,,,401.815
2023-05-10,0.02703981,0.00423419,0.02731337,0.01156976,0.04860349,52.4825,0.28767525,8.905655,-41.1292,22.2943,,,,,,,,,,,412.68
2023-05-11,-0.02802656,-0.00174458,-0.02830911,0.01727868,-0.00805203,48.499,0.27352104,8.463109,38.0945,2.0493,,,,,,,,,,,401.114
2023-05-11,0.02733886,-0.00145391,0.0303391,0.01756942,0.02664013,52.2032,0.36218953,8.664029,-32.5244,22.9845,,,,,,,,,,,412.08
2023-05-12,-0.02788779,-0.00131135,-0.02519103,-0.0025224,-0.02859499,48.2839,0.32648348,8.371599,37.3041,4.0064,,,,,,,,,,,400.588
2023-05-12,0.02751455,-0.00114056,0.02437689,-0.00259281,0.01679298,52.0057,0.38979911,8.705199,-32.583,24.6696,,,,,,,,,,,411.61
2023-05-15,-0.02342023,0.00344993,-0.02595231,0.00065222,-0.03349363,48.7043,0.35717149,8.31197,25.5714,7.4873,,,,,,,,,,,401.97
2023-05-15,0.02748961,0.00342557,0.02968233,0.00053295,0.02130543,52.4319,0.44160113,8.533972,-30.7336,25.239,,,,,,,,,,,413.02
2023-05-16,-0.03325747,-0.00668209,-0.03105222,-0.00165522,-0.03916643,47.7834,0.3748177,8.122974,125.3655,1.6205,,,,,,,,,,,399.284
2023-05-16,0.0275393,-0.00663406,0.02419443,-0.00160607,0.02606425,51.4911,0.39133821,8.506762,-44.8765,21.286,,,,,,,,,,,410.28
2023-05-17,-0.01498733,0.01213923,-0.01817011,0.00576385,-0.01629404,49.3796,0.36021034,8.29735,0.4767,5.4468,,,,,,,,,,,404.131
2023-05-17,0.02724117,0.01184557,0.03276364,0.00596104,0.04539251,53.0886,0.47567034,8.54104,-74.1611,23.704,,,,,,,,,,,415.14
2023-05-18,-0.01714121,0.00963302,-0.01209627,0.01722702,0.00015688,50.5123,0.5623404,8.288108,12.5284,8.2657,,,,,,,,,,,408.024
2023-05-18,0.02742731,0.00981597,0.04991685,0.0173146,0.06318523,54.2708,0.80368628,8.527243,-36.5479,26.2233,,,,,,,,,,,419.215
2023-05-19,-0.02810968,-0.00145335,-0.00694404,0.01708239,0.00608942,49.9674,0.93948961,8.158869,37.4767,6.135,,,,,,,,,,,407.431
2023-05-19,0.02736414,-0.00151474,0.03575326,0.01693351,0.04227828,53.7075,1.17775638,8.524593,-26.571,25.9817,,,,,,,,,,,418.58
2023-05-22,-0.0262411,0.00040498,-0.01817218,0.01399607,-0.01231947,49.7608,1.28982726,8.132836,31.5658,7.3214,,,,,,,,,,,407.596
2023-05-22,0.0274144,0.00045392,0.02633669,0.01392184,0.04247364,53.504,1.49226092,8.464348,-32.515,23.5156,,,,,,,,,,,418.77
2023-05-23,-0.03760537,-0.0112219,-0.03862696,0.00936176,-0.02368702,48.0683,1.48606902,8.223323,58.4948,2.2077,,,,,,,,,,,403.022
2023-05-23,0.02757418,-0.01106813,0.01645432,0.00939602,0.03547729,51.7905,1.52335361,8.710085,-14.5425,18.5681,,,,,,,,,,,414.135
2023-05-24,-0.03388509,-0.00724526,-0.04414449,-0.00996954,-0.02637368,47.1908,1.35857356,8.391865,55.0648,-1.2794,,,,,,,,,,,400.102
2023-05-24,0.02720056,-0.00760622,0.00831461,-0.01000867,0.02282145,50.8374,1.2463168,8.698018,-24.4548,17.5731,,,,,,,,,,,410.985
2023-05-25,-0.01804932,0.00866029,-0.03630394,-0.01092338,-0.02208249,48.3849,1.05167482,8.446373,12.1556,1.5442,,,,,,,,,,,403.567
2023-05-25,0.02738827,0.00884461,0.02877759,-0.01096096,0.03367123,52.0935,0.98954604,8.736132,-45.1661,19.8091,,,,,,,,,,,414.62
2023-05-26,-0.01405383,0.01294952,-0.01289918,0.0033429,-0.00797661,50.0517,0.91850908,8.551409,1.8174,5.6126,,,,,,,,,,,408.793
2023-05-26,0.027317,0.01287926,0.04963234,0.00329686,0.04835891,53.7897,1.02168203,8.79538,-50.4596,24.1053,,,,,,,,,,,419.96
2023-05-30,-0.02621916,0.00038161,-0.00495395,0.00331946,-0.00646486,49.8298,1.05063518,8.441781,32.4139,5.8712,,,,,,,,,,,408.949
2023-05-30,0.02735304,0.00041671,0.0410539,0.00325955,0.04518994,53.5693,1.20762251,8.812082,-25.4216,23.9361,,,,,,,,,,,420.135
2023-05-31,-0.03202304,-0.00554592,-0.01914765,0.00907891,-0.01534793,48.8528,1.21922653,8.462291,41.2651,6.289,,,,,,,,,,,406.681
2023-05-31,0.02748838,-0.00541493,0.02217993,0.00899465,0.04652328,52.5882,1.31467435,8.751341,-23.3701,22.7153,,,,,,,,,,,417.86
2023-06-01,-0.01750586,0.0095013,-0.0224188,0.02610084,0.0006459,50.0142,1.33796734,8.564103,9.1488,8.4405,,,,,,,,,,,410.545
2023-06-01,0.02739042,0.00940506,0.0314,0.0262905,0.04369623,53.7609,1.49117195,8.83631,-38.2448,23.4299,,,,,,,,,,,421.79
2023-06-02,-0.01258446,0.01446126,-0.00869482,0.03200212,0.00323264,51.7877,1.62968667,8.701573,8.8078,10.3154,,,,,,,,,,,416.482
2023-06-02,0.02701917,0.01409469,0.05177031,0.03163137,0.04830843,55.5154,1.92755354,8.954889,-21.001,27.9076,,,,,,,,,,,427.735
2023-06-05,-0.02817399,-0.00191605,-0.00520749,0.01685694,-0.00842289,50.9703,2.11302463,8.547397,23.6598,9.4412,,,,,,,,,,,415.684
2023-06-05,0.02746317,-0.00148456,0.04032445,0.01700162,0.04827566,54.7497,2.39564512,8.935869,-15.4001,26.9765,,,,,,,,,,,427.1
2023-06-06,-0.02461016,0.00217713,-0.01233078,0.01868204,-0.00475656,50.8622,2.55118452,8.482378,22.0701,9.6168,,,,,,,,,,,416.589
2023-06-06,0.02746352,0.00217748,0.02772749,0.01879158,0.05013297,54.6378,2.79563812,8.731566,-22.6732,25.5114,,,,,,,,,,,428.03
2023-06-07,-0.03009369,-0.00345664,-0.02942476,0.02082222,-0.00864675,49.9814,2.87112611,8.358597,38.1906,3.7726,,,,,,,,,,,415.149
2023-06-07,0.0275106,-0.00341098,0.02618816,0.0208443,0.05842857,53.7454,3.01242402,8.793768,-22.0623,19.4526,,,,,,,,,,,426.57
2023-06-08,-0.02088754,0.00604843,-0.02210255,0.01733062,0.00851172,50.5495,3.03854348,8.435642,18.2096,1.1488,,,,,,,,,,,417.66
2023-06-08,0.0275583,0.00609513,0.03020003,0.01749686,0.07265147,54.3278,3.16781197,8.68381,-34.969,22.4322,,,,,,,,,,,429.17
2023-06-09,-0.02507398,0.00179332,-0.0224774,0.00462685,0.01806392,50.447,3.17605024,8.286395,26.4455,1.2144,,,,,,,,,,,418.409
2023-06-09,0.02767866,0.00191066,0.03574861,0.00527196,0.06547364,54.2358,3.28552649,8.664581,-21.1918,21.4376,,,,,,,,,,,429.99
2023-06-12,-0.01810507,0.00907246,-0.01023279,0.0156874,0.01829386,51.3912,3.32102431,8.32354,12.6065,3.2389,,,,,,,,,,,422.205
2023-06-12,0.02751033,0.00890718,0.03869176,0.01573402,0.06122169,55.1691,3.48603428,8.561144,-26.8417,24.4632,,,,,,,,,,,433.82
2023-06-13,-0.02035867,0.00659158,-0.00974439,0.02016136,0.01197257,51.868,3.57471508,8.200348,38.573,5.1719,,,,,,,,,,,424.988
2023-06-13,0.02748783,0.00656954,0.0436439,0.0201855,0.06778596,55.6482,3.78913743,8.495466,-27.1951,24.3207,,,,,,,,,,,436.67
2023-06-14,-0.0255937,0.00119062,-0.01045606,0.02491876,0.01275542,51.4824,3.88418902,8.279433,35.5802,6.2708,,,,,,,,,,,425.494
2023-06-14,0.02737054,0.00107633,0.03537381,0.02477905,0.07489654,55.2425,4.07639083,8.654902,-26.3934,26.1801,,,,,,,,,,,437.14
2023-06-15,-0.01457199,0.0123997,-0.00703057,0.03138917,0.03089552,52.8307,4.20848844,8.584552,9.4244,12.2373,,,,,,,,,,,430.77
2023-06-15,0.02743924,0.0124674,0.04141764,0.03126966,0.07805478,56.6156,4.47497833,8.907798,-24.2128,28.3261,,,,,,,,,,,442.59
2023-06-16,-0.03000972,-0.00339392,-0.01685941,0.02604867,0.01782404,51.6048,4.58962691,8.602813,27.1829,10.6061,,,,,,,,,,,429.308
2023-06-16,0.02322808,-0.0074787,0.03239999,0.02160515,0.05473946,54.8367,4.75173099,8.974183,-12.2824,25.0073,,,,,,,,,,,439.28
2023-06-20,-0.02777044,-0.00518742,-0.02301093,0.01154889,-0.00152898,50.4023,4.72962342,8.636741,26.7169,9.4808,,,,,,,,,,,427.081
2023-06-20,0.02378706,-0.00464396,0.01501962,0.00788345,0.0518567,53.756,4.7445156,8.825474,-10.0454,24.2519,,,,,,,,,,,437.24
2023-06-21,-0.02824078,-0.00512549,-0.03998735,-0.00022589,-0.00516975,49.3849,4.57399901,8.40294,38.5565,6.7864,,,,,,,,,,,424.892
2023-06-21,0.02343654,-0.00546611,0.01290915,-0.00416791,0.04383457,52.7236,4.44465956,8.665445,-13.0256,20.6285,,,,,,,,,,,434.85
2023-06-22,-0.0193722,0.00361033,-0.02926152,0.0021904,-0.0037474,49.7348,4.20337904,8.262199,20.6767,2.5569,,,,,,,,,,,426.426
2023-06-22,0.02378842,0.00395539,0.02221827,-0.00130393,0.05159834,53.1769,4.05684561,8.400184,-16.9969,22.3245,,,,,,,,,,,436.57
2023-06-23,-0.03062052,-0.00756051,-0.03210594,-0.01756854,-0.00789554,48.4667,3.75485433,8.093028,54.6017,2.1514,,,,,,,,,,,423.202
2023-06-23,0.02353013,-0.00781089,0.01945906,-0.0213064,0.03711153,51.8856,3.52157197,8.361241,-21.4181,20.7203,,,,,,,,,,,433.16
2023-06-26,-0.02698079,-0.00408552,-0.03076233,-0.0182503,-0.01793462,47.8715,3.14909844,8.008295,25.9517,-0.9835,,,,,,,,,,,421.473
2023-06-26,0.02355311,-0.00406316,0.01166439,-0.01793844,0.03104857,51.3167,2.86011032,8.370345,-24.5731,18.8581,,,,,,,,,,,431.4
2023-06-27,-0.01229949,0.01096393,-0.02399615,-0.00231104,-0.00906068,49.436,2.54742556,8.158892,1.8386,3.8979,,,,,,,,,,,426.094
2023-06-27,0.02357696,0.01098748,0.03057169,-0.00251578,0.03300529,52.9517,2.39075163,8.340828,-39.4094,20.3971,,,,,,,,,,,436.14
2023-06-28,-0.02254093,0.00050458,-0.01581633,0.00333497,-0.01731363,49.3366,2.1777785,7.961483,27.2,2.9539,,,,,,,,,,,426.309
2023-06-28,0.02352988,0.00045857,0.03527391,0.00342647,0.02671134,52.8721,2.09575768,8.186449,-48.1802,22.1473,,,,,,,,,,,436.34
2023-06-29,-0.01913875,0.0039408,-0.00790682,0.00366535,-0.01988,49.7589,1.9621029,7.797417,40.0226,5.1617,,,,,,,,,,,427.989
2023-06-29,0.0237179,0.00412522,0.02827076,0.00359622,0.02972075,53.3543,1.96057262,7.974458,-56.3227,25.3673,,,,,,,,,,,438.14
2023-06-30,-0.01164012,0.01180171,-0.00710781,0.02324658,-0.00937915,51.3654,1.95609957,7.844854,8.3861,12.0694,,,,,,,,,,,433.04
2023-06-30,0.02350822,0.01159447,0.03966841,0.02322467,0.02890173,54.9735,2.10797414,8.083079,-23.7958,27.6335,,,,,,,,,,,443.22
2023-07-03,-0.02184468,0.00115001,-0.0064216,0.0286258,-0.02045234,51.0913,2.19060769,7.609288,23.3511,7.4237,,,,,,,,,,,433.538
2023-07-03,0.02387795,0.00151166,0.03715282,0.02895225,0.03396629,54.7692,2.38567781,7.818053,-28.0244,27.0346,,,,,,,,,,,443.89
2023-07-05,-0.02477416,-0.00148776,-0.01197562,0.01595657,-0.0145397,50.4307,2.46010694,7.401763,29.6008,6.8349,,,,,,,,,,,432.893
2023-07-05,0.02367098,-0.00168961,0.02332348,0.01604989,0.03760177,54.0808,2.61289676,7.657137,-24.147,26.2378,,,,,,,,,,,443.14
2023-07-06,-0.03077357,-0.00783103,-0.03094851,0.00749222,-0.01769509,48.9182,2.58326634,7.544485,43.3788,7.4867,,,,,,,,,,,429.503
2023-07-06,0.02371811,-0.00778535,0.01419022,0.0076775,0.03482767,52.5613,2.59749159,7.760379,-15.8701,24.1723,,,,,,,,,,,439.69
2023-07-07,-0.02563397,-0.00252385,-0.03485323,0.0010047,-0.01478901,48.4445,2.45271657,7.516066,35.4468,0.1892,,,,,,,,,,,428.419
2023-07-07,0.02357739,-0.00266097,0.01299859,0.0008673,0.02836131,52.0678,2.37143794,7.99499,-16.1532,19.9064,,,,,,,,,,,438.52
2023-07-10,-0.02056235,0.00253023,-0.03077357,-0.00816784,-0.01618755,48.7726,2.1849524,7.58499,37.5203,1.4872,,,,,,,,,,,429.503
2023-07-10,0.02362498,0.00257685,0.02362498,-0.00805469,0.0388656,52.4217,2.09921062,7.780491,-33.9648,20.8618,,,,,,,,,,,439.65
2023-07-11,-0.01685659,0.00637015,-0.01694603,-0.00299628,-0.00212624,49.6404,1.95808508,7.476885,25.0684,3.6942,,,,,,,,,,,432.239
2023-07-11,0.02373918,0.00648243,0.03286736,-0.00313141,0.04988932,53.3323,1.94888951,7.707179,-47.4367,22.1323,,,,,,,,,,,442.5
2023-07-12,-0.01532881,0.00804647,-0.00639195,0.00652355,0.01000695,50.687,1.91020642,7.51238,20.6546,4.3763,,,,,,,,,,,435.717
2023-07-12,0.02360018,0.0079096,0.03840951,0.00645394,0.04671739,54.3811,2.01477446,7.814924,-36.4479,24.568,,,,,,,,,,,446.0
2023-07-13,-0.01530269,0.00793634,-0.0010804,0.02251905,0.00695877,51.6173,2.09016694,7.569573,13.717,8.6989,,,,,,,,,,,439.175
2023-07-13,0.02376046,0.00809417,0.04018841,0.02256135,0.05465754,55.3535,2.30504096,7.828889,-28.9212,26.9742,,,,,,,,,,,449.61
2023-07-14,-0.02381842,-0.0006239,-0.00813333,0.0244667,0.00586928,51.0008,2.41996577,7.474683,28.1164,7.0305,,,,,,,,,,,438.901
2023-07-14,0.02376162,-0.00062276,0.03124276,0.0246511,0.04986343,54.7338,2.6270928,7.829991,-21.505,24.2166,,,,,,,,,,,449.33
2023-07-17,-0.0198184,0.00347231,-0.0125,0.02542939,0.00521523,51.1504,2.73309072,7.474277,17.8412,5.4866,,,,,,,,,,,440.425
2023-07-17,0.02369302,0.00340507,0.02660671,0.02549755,0.04115093,54.8784,2.93040134,7.761472,-25.5668,22.925,,,,,,,,,,,450.86
2023-07-18,-0.0158852,0.00743146,-0.01314917,0.0265108,0.00107847,51.9481,3.05365715,7.550795,14.7819,7.0849,,,,,,,,,,,443.698
2023-07-18,0.02371433,0.00745242,0.03490309,0.02648588,0.04770516,55.6913,3.28494801,7.807667,-21.5544,24.833,,,,,,,,,,,454.22
2023-07-19,-0.02099423,0.00222223,-0.01033984,0.02057987,0.00178873,51.7563,3.41220014,7.415548,18.7913,3.9141,,,,,,,,,,,444.684
2023-07-19,0.02331094,0.00182731,0.03320656,0.02029148,0.05118355,55.4419,3.62517842,7.724509,-16.602,24.4866,,,,,,,,,,,455.05
2023-07-20,-0.02926272,-0.00663392,-0.02024132,0.00582683,-0.00317281,50.1425,3.66001201,7.434187,34.2098,2.8808,,,,,,,,,,,441.734
2023-07-20,0.02382882,-0.00613119,0.01929691,0.005894,0.0529845,53.8941,3.74095618,7.856459,-7.4252,22.1758,,,,,,,,,,,452.26
2023-07-21,-0.02327422,0.0,-0.02748888,0.00645476,0.00464873,49.8542,3.67009577,7.437783,44.1307,-0.249,,,,,,,,,,,441.734
2023-07-21,0.02369299,-0.00013267,0.01690189,0.00638729,0.05550874,53.5802,3.66641585,7.792656,-23.186,17.4672,,,,,,,,,,,452.2
2023-07-24,-0.0187793,0.00446875,-0.02492473,0.00745416,0.0118307,50.3135,3.56119484,7.438895,36.5918,-3.2648,,,,,,,,,,,443.708
2023-07-24,0.02362364,0.00440071,0.02819797,0.00738588,0.05747806,54.0384,3.55696323,7.714831,-44.3021,17.8498,,,,,,,,,,,454.19
2023-07-25,-0.02041216,0.00272927,-0.01623181,0.00275187,0.01198453,50.4368,3.4602312,7.368414,39.783,-2.3653,,,,,,,,,,,444.919
2023-07-25,0.02346719,0.00257601,0.03084662,0.0025098,0.05349124,54.1436,3.46928605,7.684313,-45.7267,19.0604,,,,,,,,,,,455.36
2023-07-26,-0.02277978,0.00015284,-0.01595091,0.00068138,0.00562034,50.1322,3.37076903,7.393291,47.5217,-1.0714,,,,,,,,,,,444.987
2023-07-26,0.02363665,0.00031843,0.02658731,0.00099989,0.0454148,53.8646,3.37011836,7.716127,-42.6297,21.0995,,,,,,,,,,,455.505
2023-07-27,-0.02956718,-0.00662941,-0.02675752,0.00068593,-0.00888565,48.8253,3.20828728,7.728547,66.1846,-0.2902,,,,,,,,,,,442.037
2023-07-27,0.02366996,-0.00659707,0.01703906,0.00053067,0.03034098,52.5401,3.1135336,8.419579,-11.4064,16.7268,,,,,,,,,,,452.5
2023-07-28,-0.01355801,0.00979104,-0.0197536,0.01048368,-0.00721737,50.2373,2.96081317,8.195895,17.9325,3.229,,,,,,,,,,,446.365
2023-07-28,0.02362416,0.00974586,0.02679404,0.01041575,0.04103203,53.9716,2.94125719,8.425831,-62.3125,19.5512,,,,,,,,,,,456.91
2023-07-31,-0.02121862,0.00190427,-0.01819958,0.00790385,-0.00470701,50.2389,2.84480947,7.975057,37.1095,3.6454,,,,,,,,,,,447.215
2023-07-31,0.02369107,0.00196975,0.03568253,0.00797023,0.03947324,53.9843,2.8677766,8.183625,-47.8341,20.1034,,,,,,,,,,,457.81
2023-08-01,-0.02593871,-0.00286216,-0.01450829,0.00228356,-0.01092357,49.4882,2.76839173,7.764794,56.1592,2.6704,,,,,,,,,,,445.935
2023-08-01,0.02355724,-0.00299251,0.02257121,0.00237175,0.02871773,53.2014,2.75882033,8.014095,-38.5932,21.7149,,,,,,,,,,,456.44
2023-08-02,-0.03660503,-0.0139101,-0.03759603,-0.01180933,-0.03189644,47.2519,2.53318974,7.948088,60.4851,1.7286,,,,,,,,,,,439.732
2023-08-02,0.02371444,-0.01375865,0.0065852,-0.01173423,0.01231436,50.9395,2.34456435,8.363439,-16.4668,18.1152,,,,,,,,,,,450.16
2023-08-03,-0.02596632,-0.00286766,-0.04224241,-0.0080672,-0.03643336,46.9752,1.99718625,8.010336,20.0541,-1.5454,,,,,,,,,,,438.471
2023-08-03,0.02373931,-0.00284343,0.0066041,-0.008,0.01617716,50.6578,1.7300327,8.318098,-30.2404,17.4468,,,,,,,,,,,448.88
2023-08-04,-0.02760649,-0.00452253,-0.04371221,-0.02212763,-0.03487375,46.5159,1.32551674,8.197162,29.1106,-2.5687,,,,,,,,,,,436.488
2023-08-04,0.02360202,-0.00465603,0.01605069,-0.02214878,0.0114458,50.1639,1.01745137,8.782865,-23.2204,14.568,,,,,,,,,,,446.79
2023-08-07,-0.01453032,0.00872876,-0.02190777,-0.01546683,-0.02632021,47.9446,0.68009359,8.446589,6.7882,1.2953,,,,,,,,,,,440.298
2023-08-07,0.02357948,0.00870655,0.02784449,-0.01557415,0.01571304,51.6301,0.50614944,8.59769,-38.5257,18.643,,,,,,,,,,,450.68
2023-08-08,-0.02728544,-0.00434933,-0.02338487,-0.0169352,-0.03480262,47.3537,0.24640315,8.370998,32.8754,3.7405,,,,,,,,,,,438.383
2023-08-08,0.02389919,-0.00403834,0.02834442,-0.01660678,0.00885779,51.072,0.11308688,8.547498,-24.0139,20.5713,,,,,,,,,,,448.86
2023-08-09,-0.029869,-0.00668365,-0.02537434,-0.00973093,-0.04371706,46.5419,-0.14815544,8.239819,39.6659,3.0003,,,,,,,,,,,435.453
2023-08-09,0.02362367,-0.00695094,0.01235981,-0.00981873,0.00169218,50.1925,-0.31142383,8.630332,-19.0481,20.5802,,,,,,,,,,,445.74
2023-08-10,-0.0227285,0.00035825,-0.03344058,-0.00652723,-0.04367899,46.8028,-0.56564964,8.51388,26.5408,3.5223,,,,,,,,,,,435.609
2023-08-10,0.02357848,0.00031408,0.01710148,-0.0066833,0.00869384,50.4559,-0.69840183,9.05296,-31.0657,17.6048,,,,,,,,,,,445.88
2023-08-11,-0.02360501,-0.00058309,-0.03008733,-0.00259572,-0.0378895,46.9016,-0.91438605,8.646034,32.677,2.3525,,,,,,,,,,,435.355
2023-08-11,0.02298125,-0.00116623,0.02275102,-0.00320061,-0.00225152,50.4732,-1.00950824,8.836675,-35.8465,17.004,,,,,,,,,,,445.36
2023-08-14,-0.01706934,0.00551963,-0.0179073,-0.00576882,-0.04191635,47.8401,-1.14287458,8.471912,19.7952,2.6836,,,,,,,,,,,437.758
2023-08-14,0.02362493,0.00615233,0.0286748,-0.00572468,0.00197891,51.5437,-1.12561493,8.60549,-45.6614,20.2801,,,,,,,,,,,448.1
2023-08-15,-0.03445883,-0.01164799,-0.02965148,-0.01305708,-0.05493764,46.262,-1.25863723,8.405098,57.8171,2.5414,,,,,,,,,,,432.659
2023-08-15,0.02373925,-0.0115376,0.01739959,-0.01321125,-0.00673865,49.9368,-1.3121436,8.800876,-18.2318,20.0133,,,,,,,,,,,442.93
2023-08-16,-0.03035694,-0.00733834,-0.03564757,-0.01370756,-0.05905705,45.5458,-1.52453847,8.504385,26.905,0.4599,,,,,,,,,,,429.484
2023-08-16,0.02360041,-0.00747296,0.00425349,-0.01372998,-0.0002547,49.174,-1.6601988,8.945929,-25.7747,17.0681,,,,,,,,,,,439.62
2023-08-17,-0.03050134,-0.00762077,-0.04884847,-0.02157439,-0.05320108,44.9109,-1.95080069,8.712649,12.6012,-1.5007,,,,,,,,,,,426.211
2023-08-17,0.02357752,-0.00764296,0.00832295,-0.02157531,-0.00504252,48.5133,-2.15851093,9.173459,-21.8204,12.6481,,,,,,,,,,,436.26
2023-08-18,-0.02256453,0.00048098,-0.03728354,-0.02053267,-0.05004456,45.3826,-2.45551336,8.843927,4.6512,-0.7645,,,,,,,,,,,426.416
2023-08-18,0.0233903,0.00029799,0.01607976,-0.02014101,-0.00022452,48.9755,-2.62818709,9.007503,-22.7508,15.5976,,,,,,,,,,,436.39
2023-08-21,-0.01649671,0.00650773,-0.02372276,-0.01957017,-0.03938987,46.593,-2.82274783,8.706253,7.912,2.8124,,,,,,,,,,,429.191
2023-08-21,0.02360022,0.00671418,0.03075707,-0.01959384,-0.00222122,50.2594,-2.85279184,8.863949,-28.6526,20.3158,,,,,,,,,,,439.32
2023-08-22,-0.02570336,-0.00270975,-0.01886948,-0.01070358,-0.05026183,46.4325,-2.95180016,8.488667,29.1029,2.885,,,,,,,,,,,428.028
2023-08-22,0.02355453,-0.00275426,0.02742392,-0.01088208,-0.00062274,50.0868,-2.92126363,8.817477,-19.585,20.7635,,,,,,,,,,,438.11
2023-08-23,-0.01212937,0.01113946,-0.00823575,0.00771158,-0.03578844,48.2196,-2.88925528,8.5848,1.2059,7.7575,,,,,,,,,,,432.796
2023-08-23,0.02353072,0.01111593,0.03212789,0.00764296,0.01728545,51.919,-2.68893739,8.745457,-37.9794,23.4118,,,,,,,,,,,442.98
2023-08-24,-0.03653212,-0.01386103,-0.02850542,0.00137491,-0.04249787,46.2629,-2.64568902,8.718281,54.3769,4.0962,,,,,,,,,,,426.797
2023-08-24,0.02371854,-0.01368008,0.02077434,0.00151286,0.00300958,49.9369,-2.53561931,9.410047,-12.1997,17.1824,,,,,,,,,,,436.92
2023-08-25,-0.01628216,0.00705019,-0.01895414,0.00794998,-0.03605006,47.4801,-2.49715785,9.187901,12.9346,5.8909,,,,,,,,,,,429.806
2023-08-25,0.02367114,0.00700357,0.01659904,0.00822659,0.01062351,51.1794,-2.33758351,9.349765,-36.1289,21.1767,,,,,,,,,,,439.98
2023-08-28,-0.01692804,0.0063424,-0.02358571,0.00778441,-0.02880366,48.4869,-2.22396377,8.92671,12.8911,8.4571,,,,,,,,,,,432.532
2023-08-28,0.02369304,0.00636393,0.03744872,0.00787581,0.01147209,52.2121,-1.97653391,9.063588,-35.6211,21.2559,,,,,,,,,,,442.78
2023-08-29,-0.0090248,0.01445442,0.00426623,0.0251292,-0.02079,50.6733,-1.71745406,8.915475,2.1112,10.9596,,,,,,,,,,,438.784
2023-08-29,0.02371554,0.01447672,0.04509942,0.02529045,0.03820792,54.4391,-1.29471754,9.039084,-27.167,28.1689,,,,,,,,,,,449.19
2023-08-30,-0.01914335,0.0041182,0.0013887,0.01801079,-0.00528074,50.9758,-0.92580584,8.599863,22.002,14.0554,,,,,,,,,,,440.591
2023-08-30,0.0235343,0.00394043,0.04260494,0.01801436,0.05000419,54.7168,-0.44242801,8.77623,-19.9139,29.0958,,,,,,,,,,,450.96
2023-08-31,-0.02442345,-0.00146394,-0.00640047,0.03080856,0.00074155,50.324,-0.08735805,8.340071,24.6002,8.7996,,,,,,,,,,,439.946
2023-08-31,0.02330741,-0.00168529,0.02601736,0.03039458,0.05628433,54.0246,0.33247335,8.663923,-15.6728,26.0009,,,,,,,,,,,450.2
2023-09-01,-0.02095291,0.00186614,-0.01875153,0.0255022,0.010331,50.3115,0.61963194,8.330071,17.0704,6.2005,,,,,,,,,,,440.767
2023-09-01,0.02362473,0.00217681,0.02403363,0.0254557,0.05807474,54.0647,0.97330152,8.655995,-19.0625,20.2789,,,,,,,,,,,451.18
2023-09-05,-0.02730174,-0.00432201,-0.02682721,0.01463476,0.00566466,49.3189,1.15137411,8.181281,25.3937,-1.4923,,,,,,,,,,,438.862
2023-09-05,0.0236931,-0.00425551,0.02117078,0.01463481,0.04676007,53.0643,1.37332085,8.467118,-15.1366,18.514,,,,,,,,,,,449.26
2023-09-06,-0.02971108,-0.00672193,-0.03173701,-0.00654536,-0.00775744,48.1455,1.39504262,8.25161,29.1324,-0.7991,,,,,,,,,,,435.912
2023-09-06,0.02369286,-0.00672217,0.01241699,-0.00656738,0.04254862,51.8636,1.45172619,8.560638,-3.432,19.2672,,,,,,,,,,,446.24
2023-09-07,-0.02614288,-0.00306943,-0.03680571,-0.01365666,-0.00807103,47.7029,1.33791871,8.198449,49.6933,1.4995,,,,,,,,,,,434.574
2023-09-07,0.02371518,-0.00304769,0.01371274,-0.01348235,0.02792078,51.4113,1.28459352,8.394703,-15.5557,20.5345,,,,,,,,,,,444.88
2023-09-08,-0.02169574,0.00150492,-0.03123358,-0.01072404,-0.01749966,47.9798,1.115053,7.979367,34.035,-0.8175,,,,,,,,,,,435.228
2023-09-08,0.02378523,0.00157346,0.02217879,-0.01026211,0.04400921,51.7032,1.04417724,8.257412,-31.7084,20.0329,,,,,,,,,,,445.58
2023-09-11,-0.01680955,0.00657586,-0.01826371,-0.0060735,0.00267784,48.972,0.91697959,7.895454,15.4607,2.5191,,,,,,,,,,,438.09
2023-09-11,0.02385355,0.00664303,0.03213722,-0.00585132,0.04358711,52.7242,0.92578204,8.09435,-40.9341,21.722,,,,,,,,,,,448.54
2023-09-12,-0.02865519,-0.00548517,-0.020664,-0.00723462,-0.00975726,48.0447,0.81219314,7.741182,46.569,0.3986,,,,,,,,,,,435.687
2023-09-12,0.02369361,-0.00564052,0.02477322,-0.00723412,0.0311607,51.7488,0.79069251,8.100598,-23.7882,20.3364,,,,,,,,,,,446.01
2023-09-13,-0.02200623,0.00116597,-0.02106244,0.00064921,-0.01487195,48.2282,0.66964337,7.709912,28.4463,-0.4677,,,,,,,,,,,436.195
2023-09-13,0.02353305,0.00100895,0.01910566,0.00049301,0.0174938,51.9129,0.65479059,7.979561,-39.8397,20.4034,,,,,,,,,,,446.46
2023-09-14,-0.01456793,0.00862229,-0.01913765,0.01238454,-0.020557,49.5085,0.60201832,7.739593,17.2151,4.096,,,,,,,,,,,439.956
2023-09-14,0.02373874,0.00882498,0.03376966,0.01240784,0.02226328,53.2527,0.69350104,7.979908,-57.5233,22.6493,,,,,,,,,,,450.4
2023-09-15,-0.03491563,-0.01200575,-0.02541647,-0.0012729,-0.03611407,47.5366,0.61812455,7.9442,84.0656,3.2052,,,,,,,,,,,434.674
2023-09-15,0.01985626,-0.01575266,0.01630005,-0.0051057,0.00763503,50.6665,0.57840904,8.287186,-6.1465,19.6914,,,,,,,,,,,443.305
2023-09-18,-0.01889444,0.00058665,-0.02582762,-0.00721541,-0.03392048,47.6929,0.42817459,7.867387,29.6144,3.1928,,,,,,,,,,,434.929
2023-09-18,0.02000556,0.00073313,0.00835084,-0.01094663,0.0064955,50.9156,0.35438802,8.022288,-36.0068,19.738,,,,,,,,,,,443.63
2023-09-19,-0.02164642,-0.0020739,-0.03635213,-0.00381007,-0.03801809,47.4415,0.17836754,7.712838,9.717,4.9696,,,,,,,,,,,434.027
2023-09-19,0.01979831,-0.00227667,0.01828037,-0.00760073,0.00856306,50.6841,0.08418587,7.818564,-29.5451,19.7527,,,,,,,,,,,442.62
2023-09-20,-0.02842845,-0.00919298,-0.02992973,-0.01411754,-0.04278814,46.1902,-0.15470995,7.689024,34.558,-0.0363,,,,,,,,,,,430.037
2023-09-20,0.01972621,-0.00926302,0.00825652,-0.01778435,0.00598286,49.4446,-0.33609256,8.168237,-14.5711,16.1138,,,,,,,,,,,438.52
2023-09-21,-0.03555368,-0.01652881,-0.04666276,-0.0387016,-0.05223871,44.1585,-0.7198979,8.105505,6.0003,-0.5326,,,,,,,,,,,422.929
2023-09-21,0.01979292,-0.01646447,-0.00628302,-0.04240675,-0.00753381,47.4095,-1.07526297,8.455898,-13.9375,14.0334,,,,,,,,,,,431.3
2023-09-22,-0.02161373,-0.0022486,-0.04663594,-0.0292081,-0.05147905,44.3154,-1.54044973,8.145477,11.5044,-1.2155,,,,,,,,,,,421.978
2023-09-22,0.01967401,-0.00236494,0.00056507,-0.02938158,-0.01136875,47.5955,-1.91412018,8.426657,-13.4623,11.108,,,,,,,,,,,430.28
2023-09-25,-0.01516919,0.00420638,-0.03367463,-0.02569615,-0.04898559,45.3345,-2.31061337,8.078324,2.6176,-0.2561,,,,,,,,,,,423.753
2023-09-25,0.02000458,0.00453193,0.02199187,-0.02569709,-0.01337625,48.7404,-2.56011463,8.10823,-19.4262,14.6965,,,,,,,,,,,432.23
2023-09-26,-0.03401661,-0.01469252,-0.03193369,-0.03801607,-0.06914211,43.6595,-2.93314769,8.04407,21.126,-0.025,,,,,,,,,,,417.527
2023-09-26,0.01991009,-0.0147838,0.00915214,-0.03791062,-0.02260109,47.0221,-3.22473879,8.346851,-7.6538,15.7113,,,,,,,,,,,425.84
2023-09-27,-0.01912925,0.00039997,-0.02925072,-0.02870218,-0.06348737,44.236,-3.5726128,8.134933,3.7325,4.4209,,,,,,,,,,,417.694
2023-09-27,0.01970581,0.00019961,0.00512563,-0.02872161,-0.02354452,47.6136,-3.79806421,8.262509,-16.3293,19.9328,,,,,,,,,,,425.925
2023-09-28,-0.01363855,0.0057985,-0.02802675,-0.00665123,-0.05900641,45.5182,-4.01898761,8.056616,5.2599,8.1814,,,,,,,,,,,420.116
2023-09-28,0.0199802,0.00606914,0.02630489,-0.00646882,-0.02601624,49.0102,-4.08241033,8.204286,-16.5259,20.592,,,,,,,,,,,428.51
2023-09-29,-0.02196915,-0.0024279,-0.01583693,-0.00682974,-0.06950266,45.4888,-4.18468017,8.042551,15.7056,6.1906,,,,,,,,,,,419.096
2023-09-29,0.01957547,-0.00282374,0.0229977,-0.00692572,-0.01696444,48.9324,-4.16550973,8.376941,-19.8604,20.424,,,,,,,,,,,427.3
2023-10-02,-0.01959045,-0.00039848,-0.01642543,-0.01138399,-0.05498697,45.7561,-4.19528819,8.074302,23.815,9.088,,,,,,,,,,,418.929
2023-10-02,0.02012513,0.00014042,0.01724286,-0.01126715,-0.01740284,49.324,-4.11011225,8.186923,-24.6198,21.7446,,,,,,,,,,,427.36
2023-10-03,-0.03284818,-0.01338413,-0.03544375,-0.0100712,-0.06831819,44.1203,-4.17195049,8.115929,39.0418,7.1695,,,,,,,,,,,413.322
2023-10-03,0.02022152,-0.0132909,0.00616565,-0.00976893,-0.02844754,47.6608,-4.17983699,8.487148,-10.4311,18.7442,,,,,,,,,,,421.68
2023-10-04,-0.01268497,0.00728004,-0.02567049,-0.00326315,-0.05939406,45.6666,-4.22930763,8.22878,8.9252,7.708,,,,,,,,,,,416.331
2023-10-04,0.0201138,0.00717369,0.01378754,-0.00286435,-0.01239893,49.2468,-4.15900734,8.289153,-32.3438,21.705,,,,,,,,,,,424.705
2023-10-05,-0.02008688,-0.0003771,-0.02617465,-0.00938312,-0.05095777,45.9267,-4.14395012,7.997071,25.1801,10.8403,,,,,,,,,,,416.174
2023-10-05,0.01954952,-0.00093006,0.0265846,-0.0098014,0.00326532,49.4284,-4.02505748,8.082709,-22.1108,24.1778,,,,,,,,,,,424.31
2023-10-06,-0.00752752,0.01187484,-0.00133751,0.0048199,-0.02361233,48.1112,-3.88909985,8.257158,-4.9929,17.6335,,,,,,,,,,,421.116
2023-10-06,0.01976653,0.01209022,0.03148697,0.00500819,0.01768339,51.722,-3.60790472,8.418075,-38.429,31.8066,,,,,,,,,,,429.44
2023-10-09,-0.01310544,0.00640204,-0.00210264,0.01165591,-0.01503207,49.2277,-3.33198657,8.23607,10.0575,23.3065,,,,,,,,,,,423.812
2023-10-09,0.01988618,0.00652012,0.03860405,0.01141894,0.02002818,52.8915,-2.93178192,8.294065,-27.3247,34.7355,,,,,,,,,,,432.24
2023-10-10,-0.01439478,0.00520514,0.00402536,0.03071697,-0.01437198,50.0217,-2.56724255,8.057346,18.346,21.6534,,,,,,,,,,,426.018
2023-10-10,0.01983954,0.00515917,0.03171098,0.03033106,0.04057941,53.697,-2.10346925,8.280893,-12.8339,32.9977,,,,,,,,,,,434.47
2023-10-11,-0.0154372,0.00409607,-0.00390509,0.02745892,0.00451578,50.522,-1.70402184,7.932258,9.7066,21.7773,,,,,,,,,,,427.763
2023-10-11,0.02002745,0.00428108,0.02953668,0.02737194,0.04461639,54.2436,-1.22526705,7.994739,-20.3971,30.8574,,,,,,,,,,,436.33
2023-10-12,-0.02561135,-0.00609683,-0.01639136,0.02157992,-0.00180783,49.0598,-0.89739902,7.859758,27.1478,15.8163,,,,,,,,,,,425.155
2023-10-12,0.02005151,-0.00607338,0.01798516,0.02208291,0.03228632,52.768,-0.54323453,8.167275,-10.9096,27.3875,,,,,,,,,,,433.68
2023-10-13,-0.02454114,-0.00498171,-0.02631482,0.00456169,-0.01277216,48.0639,-0.35971851,8.053184,25.8996,10.8224,,,,,,,,,,,423.037
2023-10-13,0.02030082,-0.00473852,0.00902836,0.00508802,0.0298953,51.798,-0.15494547,8.431742,-12.9443,24.1643,,,,,,,,,,,431.625
2023-10-16,-0.00958471,0.01052154,-0.02026448,0.00867366,0.00043997,49.9355,-0.01323374,8.223404,-0.5745,13.147,,,,,,,,,,,427.488
2023-10-16,0.02000524,0.01022879,0.02560243,0.00879141,0.04084463,53.6461,0.21799593,8.32366,-25.8281,25.7894,,,,,,,,,,,436.04
2023-10-17,-0.01965875,-4.678e-05,-0.01432393,0.00340361,0.00025271,49.6721,0.35595417,8.135542,18.3695,12.3834,,,,,,,,,,,427.468
2023-10-17,0.02021672,0.00016054,0.03090273,0.00377471,0.05513377,53.4185,0.56528646,8.316003,-10.7014,25.3161,,,,,,,,,,,436.11
2023-10-18,-0.03287703,-0.01332497,-0.02282769,-0.01400542,0.00021817,47.1477,0.57833825,8.223431,71.9454,10.006,,,,,,,,,,,421.772
2023-10-18,0.0200772,-0.01345991,0.00643761,-0.01395733,0.03340851,50.8197,0.60146488,8.589115,2.9624,22.9734,,,,,,,,,,,430.24
2023-10-19,-0.02829351,-0.00878437,-0.0412187,-0.01667157,-0.01562967,45.8844,0.43410992,8.482392,29.5382,8.398,,,,,,,,,,,418.067
2023-10-19,0.02000397,-0.00885552,-0.00242825,-0.0167174,0.02464354,49.512,0.28857517,8.930293,-20.1112,18.5144,,,,,,,,,,,426.43
2023-10-20,-0.03166053,-0.0122899,-0.05315402,-0.02389389,-0.02682237,44.3441,-0.05171221,8.682415,13.184,3.5178,,,,,,,,,,,412.929
2023-10-20,0.02015116,-0.01214736,-0.00123764,-0.02403707,0.0003182,47.95,-0.36335379,9.030171,-14.6976,14.1293,,,,,,,,,,,421.25
2023-10-23,-0.02145045,-0.00173153,-0.04189755,-0.03572966,-0.0401127,44.5728,-0.78403991,8.860159,2.7148,2.8256,,,,,,,,,,,412.214
2023-10-23,0.02014973,-0.00173294,0.00586748,-0.03559306,-0.0077676,48.1854,-1.11671561,9.10129,-17.7373,15.2142,,,,,,,,,,,420.52
2023-10-24,-0.01236326,0.00753735,-0.02605117,-0.02841616,-0.03914261,46.1575,-1.45719046,8.758341,3.4284,4.7194,,,,,,,,,,,415.321
2023-10-24,0.01983767,0.00722914,0.02574535,-0.02877714,-0.00576971,49.7656,-1.64993576,8.810531,-18.4841,18.4622,,,,,,,,,,,423.56
2023-10-25,-0.033523,-0.01435035,-0.02822315,-0.02942585,-0.05779225,44.2608,-1.96275921,8.648707,29.5316,3.4725,,,,,,,,,,,409.361
2023-10-25,0.02017535,-0.01402399,0.01311455,-0.02933247,-0.02371173,47.8727,-2.19820556,8.9273,-4.5471,17.859,,,,,,,,,,,417.62
2023-10-26,-0.0315143,-0.01197476,-0.03819319,-0.03254981,-0.07304334,43.0818,-2.57777686,8.719635,6.8218,3.3542,,,,,,,,,,,404.459
2023-10-26,0.02012812,-0.0120205,-0.00655156,-0.03243205,-0.02953041,46.6391,-2.89202497,9.013304,-10.8449,15.4867,,,,,,,,,,,412.6
2023-10-27,-0.02417596,-0.00453445,-0.04942629,-0.02495344,-0.0716081,43.0859,-3.30141014,8.754497,9.3879,1.9693,,,,,,,,,,,402.625
2023-10-27,0.02020491,-0.00445952,0.00341752,-0.02490208,-0.0290211,46.6553,-3.61165098,8.98239,-11.4363,13.8759,,,,,,,,,,,410.76
2023-10-30,-0.00808501,0.01195654,-0.02437862,-0.01158379,-0.05603475,45.4034,-3.88823967,8.763648,-1.2842,4.82,,,,,,,,,,,407.439
2023-10-30,0.02012817,0.01188042,0.02764433,-0.01160468,-0.0277154,49.0398,-3.98953236,8.79703,-25.0475,19.1129,,,,,,,,,,,415.64
2023-10-31,-0.01357425,0.00628069,-0.00630635,-0.01281659,-0.05972388,46.7337,-4.05656485,8.477242,6.8255,9.4078,,,,,,,,,,,409.998
2023-10-31,0.01995619,0.00611106,0.03863396,-0.01270186,-0.02172794,50.3781,-3.95882498,8.479011,-24.4201,24.4571,,,,,,,,,,,418.18
2023-11-01,-0.00910852,0.01066591,0.00879102,0.01223859,-0.04984752,48.7073,-3.81468009,8.253367,-1.3661,14.3043,,,,,,,,,,,414.371
2023-11-01,0.02000381,0.01071309,0.03735774,0.01206839,0.0021054,52.4064,-3.50806516,8.314841,-27.2667,29.5756,,,,,,,,,,,422.66
2023-11-02,-0.00082336,0.01916399,0.01605235,0.04414044,-0.01842692,52.236,-3.11324697,8.310566,-0.501,23.0457,,,,,,,,,,,422.312
2023-11-02,0.01983841,0.01899872,0.05046854,0.04384392,0.03019372,55.9479,-2.54307989,8.331097,-17.1334,34.9597,,,,,,,,,,,430.69
2023-11-03,-0.0105064,0.00912359,0.01909465,0.05846631,-0.00062144,53.5283,-1.95929415,8.136019,11.3686,23.0759,,,,,,,,,,,426.165
2023-11-03,0.02007438,0.00935708,0.04910817,0.0583309,0.05277178,57.2891,-1.25661987,8.278089,-8.9435,35.0033,,,,,,,,,,,434.72
2023-11-06,-0.01742501,0.00229958,0.01061137,0.04836552,0.01399407,53.1849,-0.63425451,7.863226,8.1179,21.4464,,,,,,,,,,,427.145
2023-11-06,0.02000492,0.00223132,0.031678,0.04823886,0.056951,56.933,0.04292544,7.944067,-11.7122,34.3298,,,,,,,,,,,435.69
2023-11-07,-0.01682159,0.00284681,-0.0054076,0.04478802,0.01864596,53.0127,0.60193547,7.596276,9.6993,20.3168,,,,,,,,,,,428.361
2023-11-07,0.01991078,0.00275425,0.02516631,0.0447415,0.05193332,56.7455,1.19227792,7.712185,-9.7592,31.0645,,,,,,,,,,,436.89
2023-11-08,-0.01880565,0.00073069,-0.0139078,0.03451738,0.01207385,52.425,1.63751329,7.391315,12.5513,13.6003,,,,,,,,,,,428.674
2023-11-08,0.02042578,0.00123601,0.02407847,0.03494535,0.06856784,56.2482,2.10442302,7.535935,-11.2267,29.9091,,,,,,,,,,,437.43
2023-11-09,-0.02765928,-0.00779847,-0.02377608,0.00714874,0.01846415,50.2402,2.36261275,7.359797,23.0288,8.1322,,,,,,,,,,,425.331
2023-11-09,0.02009964,-0.00811558,0.01288399,0.00740672,0.07274161,53.9805,2.60745552,7.772597,-3.5354,24.787,,,,,,,,,,,433.88
2023-11-10,-0.00440675,0.01560432,-0.01126599,0.01361679,0.04694135,53.0206,2.79464986,7.724269,1.0799,14.1824,,,,,,,,,,,431.968
2023-11-10,0.02026076,0.01576473,0.02810061,0.01380199,0.09461658,56.8069,3.06916172,7.811964,-20.1714,29.1483,,,,,,,,,,,440.72
2023-11-13,-0.02079098,-0.00095146,-0.01342615,0.01032905,0.05063054,52.0748,3.23082658,7.461823,30.3184,12.2741,,,,,,,,,,,431.557
2023-11-13,0.01995797,-0.00124796,0.03488812,0.01028254,0.0803335,55.8018,3.44333807,7.62655,-13.3081,26.9033,,,,,,,,,,,440.17
2023-11-14,-0.00054752,0.01939952,0.01394164,0.02700526,0.05843759,55.6714,3.66488597,7.788225,13.0833,19.0907,,,,,,,,,,,439.929
2023-11-14,0.01984638,0.019288,0.03864175,0.02694042,0.09429802,59.3767,4.01142879,7.954852,-18.9685,33.9962,,,,,,,,,,,448.66
2023-11-15,-0.01738287,0.00211852,0.00031993,0.02842953,0.05423741,54.9576,4.28457831,7.580934,16.2782,20.2879,,,,,,,,,,,440.861
2023-11-15,0.02002672,0.00229573,0.04201762,0.02802734,0.08523521,58.7046,4.6285035,7.790796,-16.0362,30.8478,,,,,,,,,,,449.69
2023-11-16,-0.01843492,0.00122261,0.00279437,0.03777999,0.04433824,54.1497,4.85594898,7.408596,14.3697,15.3006,,,,,,,,,,,441.4
2023-11-16,0.02004984,0.0012453,0.0234606,0.03772933,0.06615488,57.9047,5.12859305,7.530125,-17.4453,31.3397,,,,,,,,,,,450.25
2023-11-17,-0.01843642,0.00124377,-0.01495787,0.02310588,0.02614177,53.4805,5.27114758,7.144402,14.4419,14.9008,,,,,,,,,,,441.949
2023-11-17,0.01989144,0.00108828,0.02240842,0.02273552,0.05766546,57.2093,5.4529328,7.308802,-17.0986,26.0999,,,,,,,,,,,450.74
2023-11-20,-0.01195589,0.00769772,-0.00964887,0.03196333,0.02445482,54.3341,5.5513709,7.115673,11.2296,9.6807,,,,,,,,,,,445.351
2023-11-20,0.02000445,0.00780938,0.02913457,0.03201036,0.06347961,58.0845,5.72189354,7.303768,-13.5528,30.0571,,,,,,,,,,,454.26
2023-11-21,-0.02174966,-0.0021803,-0.0130372,0.01011754,0.01994537,52.8962,5.75798733,6.946356,18.2896,8.8859,,,,,,,,,,,444.38
2023-11-21,0.0200279,-0.00215735,0.0256387,0.01029733,0.0581729,56.6524,5.83680229,7.110188,-11.3148,28.1709,,,,,,,,,,,453.28
2023-11-22,-0.01584892,0.00386156,-0.01030306,0.01187449,0.02107167,52.9799,5.81034267,6.823746,17.2217,7.8533,,,,,,,,,,,446.096
2023-11-22,0.01995983,0.00379456,0.02166606,0.01180813,0.06141264,56.7244,5.84810121,7.067335,-13.8543,27.1552,,,,,,,,,,,455.0
2023-11-24,-0.01896703,0.00061422,-0.01736891,0.01125963,0.02043756,52.3712,5.77311548,6.617526,41.5219,4.348,,,,,,,,,,,446.37
2023-11-24,0.01991621,0.00057143,0.02448355,0.01112715,0.07036637,56.108,5.76007135,6.791274,-27.9837,22.793,,,,,,,,,,,455.26
2023-11-27,-0.02129333,-0.0018012,-0.01701818,0.0081842,0.02693371,51.3747,5.61874434,6.406897,50.2074,-1.3928,,,,,,,,,,,445.566
2023-11-27,0.02008457,-0.00163643,0.01887262,0.00837512,0.052196,55.1372,5.53439051,6.658119,-33.1073,21.6571,,,,,,,,,,,454.515
2023-11-28,-0.01871665,0.000992,-0.01976264,0.00147524,0.01199855,51.0901,5.34183012,6.380396,33.1589,-1.2304,,,,,,,,,,,446.008
2023-11-28,0.0198696,0.00078105,0.0190425,0.00134284,0.05402067,54.8112,5.22075522,6.656939,-35.4904,20.5704,,,,,,,,,,,454.87
2023-11-29,-0.0201728,-0.00070402,-0.02101217,0.00295693,0.0125497,50.5249,4.9925361,6.475729,44.1603,-3.7485,,,,,,,,,,,445.694
2023-11-29,0.02011694,-0.00046167,0.02041,0.00304448,0.03348495,54.2866,4.84079298,6.91432,-22.5282,18.0951,,,,,,,,,,,454.66
2023-11-30,-0.0158602,0.00393768,-0.01554624,0.00303298,-0.00269915,50.9325,4.61885772,6.664726,31.1619,0.7186,,,,,,,,,,,447.449
2023-11-30,0.01973633,0.0035631,0.02303098,0.00281319,0.03497474,54.6296,4.49492773,6.853031,-41.0144,20.3958,,,,,,,,,,,456.28
2023-12-01,-0.01355308,0.00591576,-0.01049531,0.00834734,0.00090284,51.6924,4.33001521,6.684243,25.4852,5.5925,,,,,,,,,,,450.096
2023-12-01,0.01976023,0.00593934,0.02983213,0.00819312,0.03985048,55.406,4.28009021,6.887797,-45.1858,23.0534,,,,,,,,,,,458.99
2023-12-04,-0.02452559,-0.00524999,-0.01523556,0.00486348,-0.00559023,50.151,4.11550026,6.737312,80.9524,6.7871,,,,,,,,,,,447.733
2023-12-04,0.01978188,-0.00522887,0.02042914,0.00456531,0.03312826,53.8591,4.01959683,6.913004,-34.1099,25.3708,,,,,,,,,,,456.59
2023-12-05,-0.01959088,-0.00019655,-0.01892478,0.00367034,-0.00686649,49.8278,3.81989846,6.613503,47.7179,8.2751,,,,,,,,,,,447.645
2023-12-05,0.01996001,-2.19e-05,0.01440582,0.00375932,0.02521382,53.5665,3.69945834,6.850039,-47.1474,24.9246,,,,,,,,,,,456.58
2023-12-06,-0.02352052,-0.00402998,-0.02864768,0.00032982,-0.01853344,48.8544,3.45524314,6.684322,66.2599,4.8657,,,,,,,,,,,445.841
2023-12-06,0.01996003,-0.00402996,0.01564995,0.00017596,0.02331338,52.5772,3.28035344,7.133942,-37.29,19.719,,,,,,,,,,,454.74
2023-12-07,-0.01208823,0.00763052,-0.01609102,0.0040094,-0.00890619,50.149,3.0629056,6.921517,11.0671,4.8495,,,,,,,,,,,449.243
2023-12-07,0.01996024,0.00763073,0.02360129,0.00422986,0.02715559,53.89,2.96626439,7.11548,-65.6999,21.7722,,,,,,,,,,,458.21
2023-12-08,-0.0153554,0.00429834,-0.0118402,0.00239504,-0.00840879,50.6764,2.83139254,6.859732,23.5838,6.5143,,,,,,,,,,,451.174
2023-12-08,0.01989476,0.00423387,0.0320944,0.00252729,0.03087125,54.4113,2.81638219,7.051608,-45.3337,23.7964,,,,,,,,,,,460.15
2023-12-11,-0.01569271,0.00388985,-0.0039825,0.01160513,-0.00512015,51.0615,2.75565964,6.740779,24.3652,7.3245,,,,,,,,,,,452.929
2023-12-11,0.01993911,0.0039335,0.02830762,0.0117611,0.03679365,54.8087,2.80727236,6.918652,-35.9608,26.6785,,,,,,,,,,,461.96
2023-12-12,-0.01507057,0.00456804,-0.00700989,0.01642596,0.00106267,51.5329,2.80911604,6.681605,26.0748,11.507,,,,,,,,,,,454.998
2023-12-12,0.02022426,0.0048489,0.02887134,0.0166893,0.04078851,55.333,2.9200788,6.861633,-31.9051,28.8686,,,,,,,,,,,464.2
2023-12-13,-0.00630763,0.01378907,0.00243834,0.03461099,0.01407435,53.8852,3.04024845,6.845802,7.4374,16.4322,,,,,,,,,,,461.272
2023-12-13,0.02009227,0.01365791,0.03888247,0.03474513,0.05574677,57.6613,3.3008255,7.031674,-18.3343,33.0042,,,,,,,,,,,470.54
2023-12-14,-0.01654907,0.00321069,0.0017166,0.03007281,0.01780011,53.6838,3.50398701,6.849411,18.0111,16.4028,,,,,,,,,,,462.753
2023-12-14,0.02004741,0.00316657,0.03743313,0.03016084,0.05493587,57.4496,3.80053435,7.143525,-13.4513,32.1413,,,,,,,,,,,472.03
2023-12-15,-0.02126136,-0.00164018,-0.00475226,0.02398188,0.01252301,52.4786,3.97128789,6.96213,18.6434,18.4937,,,,,,,,,,,461.994
2023-12-15,0.01592228,-0.00567761,0.01751244,0.01999348,0.04277754,55.5168,4.16255447,7.083835,-6.3762,31.1612,,,,,,,,,,,469.35
2023-12-18,-0.01013529,0.00562561,-0.01263867,0.02575238,0.01220724,53.1503,4.27126924,6.837133,6.4046,17.6118,,,,,,,,,,,464.593
2023-12-18,0.01596451,0.00566741,0.02000419,0.02175513,0.05422205,56.2796,4.43114194,6.94498,-18.9192,28.6074,,,,,,,,,,,472.01
2023-12-19,-0.00972861,0.00608059,-0.00977057,0.02729682,0.02371493,53.88,4.53133652,6.656767,7.3128,14.075,,,,,,,,,,,467.418
2023-12-19,0.01575036,0.00586852,0.02767568,0.0227919,0.06061723,57.0423,4.6960022,6.716427,-17.0025,30.4541,,,,,,,,,,,474.78
2023-12-20,-0.02914824,-0.01385698,-0.01791627,-0.00071758,0.00955145,50.0897,4.66094879,6.813468,46.258,10.055,,,,,,,,,,,460.941
2023-12-20,0.01544449,-0.01415392,0.00746245,-0.00527054,0.04983615,53.2466,4.6055091,7.394577,3.5005,22.103,,,,,,,,,,,468.06
2023-12-21,-0.00587318,0.00948061,-0.0141925,0.00552779,0.02324625,51.8819,4.48584237,7.217465,-1.2604,12.5231,,,,,,,,,,,465.311
2023-12-21,0.01583672,0.00987053,0.01125759,0.00137703,0.05216998,55.1968,4.43953644,7.249003,-21.9543,24.5301,,,,,,,,,,,472.68
2023-12-22,-0.01361175,0.00200941,-0.01797464,0.00920358,0.01753781,51.8389,4.32886976,6.994074,22.4472,10.7413,,,,,,,,,,,466.246
2023-12-22,0.01592292,0.00209444,0.02761525,0.00920422,0.04986103,55.2238,4.29224356,7.146212,-18.9013,22.1329,,,,,,,,,,,473.67
2023-12-26,-0.01151646,0.00422309,0.00033115,0.00779607,0.01752689,52.3143,4.20713027,6.843625,24.8482,9.6625,,,,,,,,,,,468.215
2023-12-26,0.01583674,0.0041379,0.02217657,0.00766933,0.05012044,55.7287,4.20480108,6.948009,-32.2991,25.0042,,,,,,,,,,,475.63
2023-12-27,-0.01380905,0.001809,-0.00765423,0.00351719,0.01537363,52.1657,4.14010926,6.578151,23.3806,11.9483,,,,,,,,,,,469.062
2023-12-27,0.01598509,0.0019553,0.02212137,0.0037491,0.04738922,55.6515,4.14991108,6.650283,-31.3553,26.0353,,,,,,,,,,,476.56
2023-12-28,-0.01536218,0.00037735,-0.00935461,0.0180023,0.01085523,51.6907,4.07962947,6.267406,27.917,4.9665,,,,,,,,,,,469.239
2023-12-28,0.01592152,0.00031476,0.01814337,0.01848054,0.03346832,55.1952,4.07273454,6.410877,-23.0938,23.9777,,,,,,,,,,,476.71
2023-12-29,-0.01852279,-0.00289618,-0.01629418,0.00552104,-0.00565308,50.5296,3.95577051,6.219386,34.9058,4.7153,,,,,,,,,,,467.88
2023-12-29,0.01598701,-0.00283191,0.0134268,0.0056698,0.02724348,54.0713,3.88627179,6.427287,-21.0003,23.3572,,,,,,,,,,,475.36
2024-01-02,-0.02124285,-0.00559545,-0.0237074,-0.00211047,-0.01433807,48.9738,3.68020135,6.316052,43.7363,5.9467,,,,,,,,,,,465.262
2024-01-02,0.01590072,-0.00567991,0.00729053,-0.00213229,0.02308688,52.5064,3.50897579,6.463334,-12.2576,24.0317,,,,,,,,,,,472.66
2024-01-03,-0.02369145,-0.00816744,-0.0319859,-0.01442286,-0.01680622,47.1818,3.18191105,6.322382,53.4451,3.597,,,,,,,,,,,461.462
2024-01-03,0.01581495,-0.00825117,0.00188082,-0.014444,0.00896914,50.6913,2.88349771,6.564569,-13.4121,20.6649,,,,,,,,,,,468.76
2024-01-04,-0.0187388,-0.0032202,-0.03236284,-0.01937057,-0.02549522,46.6717,2.47197016,6.374957,23.173,2.4397,,,,,,,,,,,459.976
2024-01-04,0.01600953,-0.00302927,0.0044663,-0.01934699,-0.00016687,50.2345,2.12297198,6.70346,-22.2018,16.7902,,,,,,,,,,,467.34
2024-01-05,-0.01440921,0.00136964,-0.02550248,-0.01839787,-0.02985383,47.1335,1.71918533,6.51107,13.3796,1.5743,,,,,,,,,,,460.606
2024-01-05,0.01574882,0.00111268,0.01386463,-0.01856475,0.0150106,50.6664,1.41404046,6.746279,-25.1105,15.5662,,,,,,,,,,,467.86
2024-01-08,-0.00144915,0.01427684,-0.00336633,-0.00149184,-0.00187583,50.3278,1.17267857,6.756545,-17.6799,8.3898,,,,,,,,,,,467.182
2024-01-08,0.01572835,0.0142564,0.03164078,-0.00174605,0.01981256,53.9212,1.09850747,6.813792,-42.0204,23.4446,,,,,,,,,,,474.53
2024-01-09,-0.01697891,-0.00151761,-0.00185518,0.00260283,-0.01313151,49.6776,1.00196805,6.582806,26.2762,11.3145,,,,,,,,,,,466.473
2024-01-09,0.01581442,-0.001433,0.02875342,0.00251767,0.01630899,53.3014,1.01188139,6.714177,-22.2568,27.0132,,,,,,,,,,,473.85
2024-01-10,-0.01000106,0.0056552,0.00267388,0.01657558,-0.00962484,50.772,1.01008333,6.491593,7.2407,14.8054,,,,,,,,,,,469.111
2024-01-10,0.0157937,0.00563469,0.01998793,0.01655431,0.01773758,54.4143,1.11694313,6.622837,-29.6073,29.8289,,,,,,,,,,,476.52
2024-01-11,-0.01598254,-0.00044126,-0.01185594,0.01940971,-0.01414124,50.2948,1.16225122,6.568348,24.5279,18.9525,,,,,,,,,,,468.904
2024-01-11,0.01592224,-0.00031478,0.02121666,0.01932212,0.01558003,53.9734,1.28307145,6.754609,-19.1064,28.5027,,,,,,,,,,,476.37
2024-01-12,-0.01499045,0.00069311,-0.00975203,0.01872099,-0.01538316,50.1504,1.32803276,6.512851,20.065,12.5408,,,,,,,,,,,469.229
2024-01-12,0.01581531,0.00058778,0.01607082,0.01878767,0.01579366,53.8118,1.43846108,6.715576,-19.975,26.658,,,,,,,,,,,476.65
2024-01-16,-0.01918389,-0.00367198,-0.01891631,0.00069352,-0.01930734,49.0328,1.4349683,6.492321,29.7644,12.121,,,,,,,,,,,467.506
2024-01-16,0.01570889,-0.00377636,0.01268063,0.00067435,0.01489698,52.6685,1.47415373,6.678155,-15.1849,25.999,,,,,,,,,,,474.85
2024-01-17,-0.02093714,-0.00555715,-0.02406113,-0.00335496,-0.02198755,47.7071,1.37605617,6.556858,34.5321,11.9168,,,,,,,,,,,464.908
2024-01-17,0.0158569,-0.00541224,0.00650216,-0.00331328,0.01508397,51.3655,1.31153437,6.650797,-6.9597,24.8922,,,,,,,,,,,472.28
2024-01-18,-0.0068561,0.00889208,-0.0159614,-0.00014709,-0.00765455,49.7202,1.2167899,6.517169,4.3005,11.7948,,,,,,,,,,,469.042
2024-01-18,0.0159005,0.00893538,0.01923826,-4.197e-05,0.03258773,53.4211,1.22428382,6.621514,-35.5906,27.6289,,,,,,,,,,,476.5
2024-01-19,-0.0033809,0.01246583,8.213e-05,0.01276381,0.01307492,52.5218,1.266973,6.592834,1.4353,18.5494,,,,,,,,,,,474.889
2024-01-19,0.01598479,0.01254984,0.03779673,0.01282616,0.04892429,56.2584,1.44770632,6.679132,-27.0871,33.3395,,,,,,,,,,,482.48
2024-01-22,-0.01365238,0.00211418,0.00765012,0.01420202,0.01830145,52.4043,1.59709734,6.397765,19.5717,17.4739,,,,,,,,,,,475.893
2024-01-22,0.01587962,0.00201045,0.03071793,0.01426623,0.04959553,56.1185,1.83593971,6.606996,-13.1893,32.0089,,,,,,,,,,,483.45
2024-01-23,-0.01276037,0.00291662,0.00163903,0.02090882,0.02013637,52.5157,2.01572067,6.293282,10.3822,16.6194,,,,,,,,,,,477.281
2024-01-23,0.01579573,0.0028338,0.02091226,0.0209961,0.03775402,56.2152,2.26474477,6.402262,-19.3464,30.1879,,,,,,,,,,,484.82
2024-01-24,-0.01447341,0.0010937,-0.00969367,0.02773667,0.00689735,52.1432,2.42700094,6.2271,20.5757,11.2873,,,,,,,,,,,477.803
2024-01-24,0.01594172,0.00123757,0.02001921,0.02782248,0.04061757,55.8792,2.64236005,6.565665,-8.3942,22.735,,,,,,,,,,,485.42
2024-01-25,-0.01033744,0.00543948,-0.00630469,0.02421958,0.01382716,52.9467,2.79363187,6.304903,4.2663,6.8693,,,,,,,,,,,480.402
2024-01-25,0.01585755,0.00535619,0.02250037,0.02417629,0.04030816,56.6649,3.01197856,6.418338,-18.0212,25.3598,,,,,,,,,,,488.02
2024-01-26,-0.01686201,-0.00127185,-0.01037292,0.01032241,0.00686435,51.8945,3.12276661,6.144171,16.2355,6.3972,,,,,,,,,,,479.791
2024-01-26,0.01600489,-0.001127,0.02023219,0.0103424,0.03959446,55.6469,3.27572783,6.370945,-10.8942,23.5252,,,,,,,,,,,487.47
2024-01-29,-0.00795741,0.00792012,-0.00376787,0.01617591,0.01515839,53.3817,3.37775067,6.219092,8.0226,9.34,,,,,,,,,,,483.591
2024-01-29,0.01583776,0.00775432,0.02258109,0.01613404,0.04693018,57.0953,3.55699441,6.333371,-16.2912,27.7067,,,,,,,,,,,491.25
2024-01-30,-0.01635216,-0.00077338,-0.00984181,0.01243712,0.0137774,52.3821,3.63897353,5.988844,24.106,8.1614,,,,,,,,,,,483.217
2024-01-30,0.01589969,-0.00071247,0.02315383,0.01254074,0.05004,56.1136,3.76997541,6.159141,-14.0462,25.3838,,,,,,,,,,,490.9
2024-01-31,-0.03171318,-0.01631772,-0.02489999,-0.00517159,0.00101506,47.9193,3.66786558,6.293488,101.6427,3.7984,,,,,,,,,,,475.332
2024-01-31,0.01603721,-0.01618456,-0.00131516,-0.00507808,0.03881843,51.6431,3.53825933,6.825953,1.4967,19.5618,,,,,,,,,,,482.955
2024-02-01,-0.00290296,0.01308769,-0.01973944,0.00239591,0.01963454,50.9219,3.36778052,6.7866,-18.0905,11.2729,,,,,,,,,,,481.553
2024-02-01,0.0159214,0.01297222,0.01242299,0.00245892,0.0430196,54.6513,3.29526702,6.849485,-53.0137,23.1224,,,,,,,,,,,489.22
2024-02-02,-0.00530845,0.01052844,-0.00871257,0.01423953,0.02124449,53.1773,3.23901336,6.848094,0.2081,13.6087,,,,,,,,,,,486.623
2024-02-02,0.01575552,0.01036344,0.0398837,0.0139906,0.04085376,56.8752,3.3108401,7.031587,-24.0604,26.8701,,,,,,,,,,,494.29
2024-02-05,-0.01909608,-0.00364142,0.00392583,0.00260551,0.00491419,51.4843,3.30104007,6.825616,28.3321,14.7502,,,,,,,,,,,484.851
2024-02-05,0.01588942,-0.00351009,0.02284691,0.00265649,0.03501207,55.2155,3.35598078,7.000144,-15.0847,29.7648,,,,,,,,,,,492.555
2024-02-06,-0.01278233,0.00290398,-0.00605249,0.00629531,0.00581032,51.7151,3.34052168,6.662276,12.3528,18.6349,,,,,,,,,,,486.259
2024-02-06,0.01589893,0.00291338,0.01513903,0.00629456,0.03500873,55.4498,3.39747761,6.761828,-23.164,29.3362,,,,,,,,,,,493.99
2024-02-07,-0.00744145,0.00833918,-0.00804386,0.03151902,0.01133204,53.3373,3.43044418,6.603126,5.0048,16.1353,,,,,,,,,,,490.314
2024-02-07,0.01573685,0.0081783,0.02718155,0.03121409,0.04233335,57.0372,3.56193212,6.718331,-20.5559,28.7595,,,,,,,,,,,498.03
2024-02-08,-0.01505733,0.00044257,-0.00410919,0.01864385,0.01052903,52.6665,3.62051799,6.342022,15.8609,10.9767,,,,,,,,,,,490.531
2024-02-08,0.0161845,0.00088348,0.02511213,0.01890765,0.03761017,56.4696,3.74874932,6.471806,-17.255,28.997,,,,,,,,,,,498.47
2024-02-09,-0.01023933,0.00577945,-0.00126318,0.01385672,0.01095447,53.4938,3.82393547,6.236677,11.8353,13.209,,,,,,,,,,,493.366
2024-02-09,0.01565572,0.00525608,0.02197775,0.01375711,0.04439225,57.172,3.97644893,6.382914,-13.1837,31.678,,,,,,,,,,,501.09
2024-02-12,-0.01584745,-0.00043984,-0.00980061,0.01711454,0.01164995,52.5687,4.0336775,6.159849,19.2126,9.8145,,,,,,,,,,,493.149
2024-02-12,0.01589986,-0.00019956,0.02132179,0.01712499,0.03597875,56.3094,4.14408833,6.458503,-6.7761,24.8573,,,,,,,,,,,500.99
2024-02-13,-0.02920817,-0.01377271,-0.02430036,0.00020154,-0.00996031,48.6054,4.03913868,6.73111,57.3045,8.095,,,,,,,,,,,486.357
2024-02-13,0.01604377,-0.01363301,0.00160935,0.00034414,0.02264614,52.3492,3.91999318,6.928388,0.6754,23.7964,,,,,,,,,,,494.16
2024-02-14,-0.00684596,0.00908797,-0.02058113,0.00094429,-0.00025056,50.6273,3.73528754,6.784217,0.5382,12.5005,,,,,,,,,,,490.777
2024-02-14,0.01598078,0.00902542,0.01109401,0.00118467,0.04899312,54.3742,3.63578968,6.89163,-30.1925,25.7378,,,,,,,,,,,498.62
2024-02-15,-0.00893867,0.00689926,-0.01362702,0.00740422,0.02320713,51.9609,3.51551869,6.655085,3.7865,13.946,,,,,,,,,,,494.163
2024-02-15,0.01579843,0.00671854,0.03210193,0.00702149,0.04239824,55.6722,3.50507588,6.753079,-29.0888,29.0891,,,,,,,,,,,501.97
2024-02-16,-0.02045541,-0.00498014,-0.0049741,-0.00337275,0.00507338,50.1812,3.39220994,6.565002,33.1873,12.872,,,,,,,,,,,491.702
2024-02-16,0.01600156,-0.00478116,0.01791649,-0.00303339,0.02660581,53.9308,3.3388616,6.892359,-14.2563,26.7336,,,,,,,,,,,499.57
2024-02-20,-0.0211682,-0.00550537,-0.01930328,-0.00842342,-0.01071233,48.6327,3.14928646,6.765762,34.6291,12.0396,,,,,,,,,,,488.995
2024-02-20,0.01584883,-0.00565486,0.005225,-0.00847322,0.02453125,52.3288,3.0007337,6.951422,-12.8406,24.3661,,,,,,,,,,,496.745
2024-02-21,-0.01470976,0.00090594,-0.02496564,0.00633485,-0.00632823,48.7659,2.76226217,6.727034,17.896,11.4236,,,,,,,,,,,489.438
2024-02-21,0.01594073,0.00099649,0.01126292,0.0062328,0.02258262,52.4859,2.59811295,6.813103,-21.6321,25.4601,,,,,,,,,,,497.24
2024-02-22,0.00467983,0.02069516,-6.01e-06,0.01791037,0.0112897,53.5687,2.5203568,7.130025,-19.5175,20.7867,,,,,,,,,,,499.567
2024-02-22,0.01583972,0.02059368,0.03780202,0.01776904,0.03501022,57.1453,2.62132915,7.257737,-29.2664,34.9354,,,,,,,,,,,507.48
2024-02-23,-0.0149129,0.0006906,0.0063755,0.01163381,0.00377889,52.9447,2.70231436,6.955756,16.459,20.9193,,,,,,,,,,,499.912
2024-02-23,0.01581878,0.00066998,0.03755736,0.01165408,0.03524548,56.5396,2.88653504,7.186631,-10.1433,33.9457,,,,,,,,,,,507.82
2024-02-26,-0.01917806,-0.00366264,0.00169134,0.0129733,-0.00078039,51.3379,2.96384551,6.879728,26.2871,17.3371,,,,,,,,,,,498.081
2024-02-26,0.01561794,-0.00385964,0.01259691,0.01259083,0.025324,54.9065,3.08744818,7.148962,-11.7059,28.5357,,,,,,,,,,,505.86
2024-02-27,-0.0135492,0.00185713,-0.0166982,0.0204726,-0.00415893,51.3344,3.11719797,6.810465,11.9272,14.7341,,,,,,,,,,,499.006
2024-02-27,0.01591965,0.00215475,0.01407848,0.02054374,0.02798546,54.9895,3.20620021,6.905717,-18.1734,22.1304,,,,,,,,,,,506.95
2024-02-28,-0.01697012,-0.00132063,-0.01865425,0.01820251,-0.00527555,50.5607,3.18311168,6.554595,18.6321,3.4431,,,,,,,,,,,498.347
2024-02-28,0.01561763,-0.00161752,0.01616002,0.01787869,0.04065532,54.1578,3.20789542,6.694124,-14.0072,23.3481,,,,,,,,,,,506.13
2024-02-29,-0.01183886,0.00359388,-0.01131143,0.00114299,0.0120973,51.0767,3.15847507,6.529543,8.451,6.4485,,,,,,,,,,,500.138
2024-02-29,0.01601958,0.00399107,0.01832443,0.00132025,0.03539897,54.7811,3.18576371,6.749004,-20.1811,26.641,,,,,,,,,,,508.15
2024-03-01,-0.00652563,0.00938941,-0.00417398,0.00984573,0.0124624,52.9927,3.19953569,6.634076,4.5032,13.5109,,,,,,,,,,,504.834
2024-03-01,0.01603695,0.00940667,0.02926274,0.01006262,0.03797735,56.7088,3.32598832,6.762784,-15.9396,30.1747,,,,,,,,,,,512.93
2024-03-04,-0.0168405,-0.00107362,-0.00363148,0.01246986,0.00462577,51.9866,3.37104328,6.436871,43.6198,8.3514,,,,,,,,,,,504.292
2024-03-04,0.01595901,-0.00115025,0.02439727,0.01280987,0.04197258,55.6888,3.48343576,6.682666,-17.5876,25.5302,,,,,,,,,,,512.34
2024-03-05,-0.02554554,-0.00999421,-0.01751058,0.00049298,-0.00063655,49.0632,3.41539144,6.736047,69.3516,9.8767,,,,,,,,,,,499.252
2024-03-05,0.01575958,-0.01018855,0.00452822,0.00033534,0.03706582,52.706,3.3555648,7.072615,-9.3404,23.2316,,,,,,,,,,,507.12
2024-03-06,-0.01052611,0.00506758,-0.02173396,0.00689279,0.01014001,50.0888,3.21121238,6.920928,9.9048,9.8351,,,,,,,,,,,501.782
2024-03-06,0.01583955,0.00514671,0.01078343,0.0071128,0.0414598,53.7699,3.14093471,7.160005,-37.2416,21.4557,,,,,,,,,,,509.73
2024-03-07,-0.00582073,0.00992662,-0.01088535,0.01324634,0.01915172,52.2215,3.06627417,7.088576,-4.405,10.6717,,,,,,,,,,,506.763
2024-03-07,0.01649094,0.01057423,0.03178355,0.01371642,0.03113296,56.0596,3.11912275,7.232035,-38.6744,25.9824,,,,,,,,,,,515.12
2024-03-08,-0.02212882,-0.00600281,-0.00670256,-0.00220469,-0.00740719,50.1427,3.06014766,7.22189,42.7022,10.6486,,,,,,,,,,,503.721
2024-03-08,0.01587982,-0.0066004,0.01980541,-0.002359,0.02362016,53.8257,3.05481991,7.738826,-6.0917,22.3782,,,,,,,,,,,511.72
2024-03-11,-0.01647776,-0.0008596,-0.01263806,-0.00199091,-0.00892442,49.6612,2.94190639,7.427481,22.2014,11.1302,,,,,,,,,,,503.288
2024-03-11,0.01583984,-0.00089893,0.00887397,-0.00210798,0.02645955,53.3371,2.88796269,7.50709,-18.8129,23.8741,,,,,,,,,,,511.26
2024-03-12,-0.00500333,0.01075726,-0.01245923,0.01892832,0.00561816,52.0243,2.82641432,7.436583,-7.1525,14.8574,,,,,,,,,,,508.702
2024-03-12,0.01585997,0.0107773,0.02590521,0.01902903,0.03559877,55.7257,2.88560421,7.524542,-34.0045,25.4696,,,,,,,,,,,516.77
2024-03-13,-0.01715463,-0.00156673,-0.00745525,0.01220251,0.00188381,51.0639,2.86935489,7.187074,24.1973,10.7507,,,,,,,,,,,507.905
2024-03-13,0.01587895,-0.00154808,0.0251983,0.01224178,0.03536291,54.7709,2.92880608,7.341926,-18.1943,27.1199,,,,,,,,,,,515.97
2024-03-14,-0.0175766,-0.00197675,-0.00852599,0.00027232,0.00152332,50.1687,2.88122241,7.196432,25.2693,14.9599,,,,,,,,,,,506.901
2024-03-14,0.01570129,-0.00215129,0.01210532,-0.00050474,0.02943588,53.8349,2.8894601,7.412329,-11.1461,28.8014,,,,,,,,,,,514.86
2024-03-15,-0.02218856,-0.00683565,-0.02580258,-0.00056579,-0.00927679,48.3377,2.74340477,7.364163,57.8065,15.2085,,,,,,,,,,,503.436
2024-03-15,0.01270072,-0.00976965,0.00379008,-0.00369343,0.00989632,51.3331,2.60405781,7.425937,-4.8398,24.1419,,,,,,,,,,,509.83
2024-03-18,-0.00667281,0.00594316,-0.01849332,0.00623897,-0.01267619,49.6825,2.41600821,7.299084,1.3534,11.5974,,,,,,,,,,,506.428
2024-03-18,0.0127797,0.00602162,0.01183466,0.00320776,0.01706948,52.7923,2.30504102,7.420721,-31.498,24.2904,,,,,,,,,,,512.9
2024-03-19,-0.00713199,0.00555656,-0.0109117,0.00106153,-0.00604677,50.8783,2.18458978,7.238884,2.7566,16.341,,,,,,,,,,,509.242
2024-03-19,0.01285833,0.00563463,0.02453937,-0.00189639,0.03312556,54.0872,2.16399875,7.203107,-35.7332,28.9289,,,,,,,,,,,515.79
2024-03-20,-0.00356347,0.00924904,0.00808505,0.01190577,0.01347216,53.0398,2.17282118,7.084313,0.2221,21.0664,,,,,,,,,,,513.952
2024-03-20,0.0127794,0.0091704,0.02782627,0.00881834,0.03734291,56.2966,2.29945322,7.050648,-22.9755,34.5638,,,,,,,,,,,520.52
2024-03-21,-0.00935411,0.00330576,0.00536362,0.01726175,0.01161595,53.3432,2.41036481,6.803459,17.2214,21.211,,,,,,,,,,,515.651
2024-03-21,0.01246773,0.002997,0.02521002,0.01402323,0.03022517,56.5821,2.60268618,6.920997,-9.4382,32.4383,,,,,,,,,,,522.08
2024-03-22,-0.01418748,-0.00189663,-0.00216561,0.02232061,-0.00086776,52.095,2.71184542,6.543426,17.4819,17.7807,,,,,,,,,,,514.673
2024-03-22,0.01307044,-0.00130248,0.01449163,0.02269384,0.03509681,55.5432,2.86430245,6.641539,-12.6074,28.9285,,,,,,,,,,,521.4
2024-03-25,-0.01562908,-0.00276292,-0.01396488,0.01347279,0.00299187,50.7752,2.89936479,6.295,19.9545,10.7339,,,,,,,,,,,513.251
2024-03-25,0.01291571,-0.00291523,0.00820128,0.01360889,0.03296721,54.2181,2.95816196,6.393857,-10.6517,22.1,,,,,,,,,,,519.88
2024-03-26,-0.01457452,-0.00184705,-0.01872702,0.00601089,0.00204006,49.9203,2.90112457,6.164296,18.5495,2.0328,,,,,,,,,,,512.303
2024-03-26,0.01252579,-0.00223128,0.00786325,0.00568061,0.01969326,53.2968,2.87024155,6.385203,-6.161,18.9402,,,,,,,,,,,518.72
2024-03-27,-0.00406963,0.00840518,-0.00918872,0.00516974,-0.00031155,52.0534,2.81714888,6.249832,-0.3391,7.1657,,,,,,,,,,,516.609
2024-03-27,0.01252591,0.00840531,0.01915047,0.00491816,0.02987763,55.4819,2.84973902,6.267772,-27.7932,25.3353,,,,,,,,,,,523.08
2024-03-28,-0.01256022,-0.00019163,-0.00648227,0.00166586,0.00104657,51.4586,2.82300941,5.950789,18.2575,5.5702,,,,,,,,,,,516.51
2024-03-28,0.01282647,0.00010515,0.02114374,0.00202076,0.03202598,55.0021,2.85976434,6.103589,-12.3991,23.9263,,,,,,,,,,,523.135
2024-04-01,-0.01438252,-0.00174053,-0.0059936,0.00182252,0.00145865,50.4939,2.80782438,5.91119,38.0506,5.6761,,,,,,,,,,,515.611
2024-04-01,0.01279841,-0.00176819,0.01084186,0.00155351,0.03729173,54.0511,2.80189855,6.114605,-11.0363,22.6814,,,,,,,,,,,522.21
2024-04-02,-0.01891385,-0.00635751,-0.02054561,-0.0017886,0.00490948,48.4407,2.66115628,6.087133,56.1479,8.6679,,,,,,,,,,,512.333
2024-04-02,0.01281784,-0.00633845,0.00462721,-0.00188505,0.02462739,52.0076,2.54199895,6.126052,-16.3962,20.6739,,,,,,,,,,,518.9
2024-04-03,-0.01157063,0.00109889,-0.01957239,0.00115752,-7.8e-06,48.691,2.34103301,5.92312,22.3083,5.5277,,,,,,,,,,,512.896
2024-04-03,0.01295389,0.00123338,0.00762009,0.00158081,0.02022221,52.315,2.19999146,6.074254,-29.8647,22.3461,,,,,,,,,,,519.54
2024-04-04,-0.02483928,-0.01220715,-0.02982517,-0.01930667,-0.01774947,45.5808,1.892997,6.434093,32.2674,5.2987,,,,,,,,,,,506.635
2024-04-04,0.01280014,-0.01235709,0.00153611,-0.01904106,-0.00161883,49.1249,1.59722951,7.204158,-6.7144,15.9947,,,,,,,,,,,513.12
2024-04-05,-0.00232304,0.01044736,-0.01343611,-0.00887108,-0.01650657,48.4996,1.30134541,7.212433,-11.531,10.2624,,,,,,,,,,,511.928
2024-04-05,0.01291588,0.01056283,0.01100418,-0.00878358,0.00560263,52.1385,1.12342352,7.303116,-33.831,20.1199,,,,,,,,,,,518.54
2024-04-08,-0.01219964,0.00055867,-0.01410094,-0.0065883,-0.01889749,48.6003,0.92527688,6.945036,16.983,7.9235,,,,,,,,,,,512.214
2024-04-08,0.01256506,0.00021213,0.0237153,-0.00681718,0.00772724,52.1575,0.82541465,7.015105,-18.4057,17.9909,,,,,,,,,,,518.65
2024-04-09,-0.01126579,0.00115772,-0.00060999,0.00092518,-0.01648063,48.8521,0.6972872,6.971169,14.7615,11.7571,,,,,,,,,,,512.807
2024-04-09,0.01273969,0.00133038,0.0144786,0.00084795,0.01186359,52.4784,0.66080124,7.035228,-21.0418,24.5656,,,,,,,,,,,519.34
2024-04-10,-0.02246698,-0.01001351,-0.02095885,-0.0101853,-0.02348234,46.1809,0.49600483,7.050569,43.0129,14.9406,,,,,,,,,,,507.672
2024-04-10,0.01284885,-0.0099068,0.00386752,-0.01028795,0.00369313,49.8072,0.36236497,7.151457,-5.0266,23.7751,,,,,,,,,,,514.195
2024-04-11,-0.00523537,0.00754621,-0.01378001,0.0096085,-0.01391309,48.359,0.21148386,7.16921,-2.771,16.6721,,,,,,,,,,,511.503
2024-04-11,0.01279953,0.00749716,0.01022412,0.00960789,0.00278934,52.0133,0.16167726,7.226909,-29.4398,28.7896,,,,,,,,,,,518.05
2024-04-12,-0.0262658,-0.01380246,-0.02868448,-0.0146212,-0.03562935,44.9016,-0.03962709,7.351416,36.157,16.5373,,,,,,,,,,,504.443
2024-04-12,0.01276061,-0.01384036,0.00631904,-0.01477225,-0.01090008,48.4897,-0.22254569,7.633958,-1.6851,23.2462,,,,,,,,,,,510.88
2024-04-15,-0.02497064,-0.01252867,-0.03125662,-0.02750999,-0.04781175,42.5727,-0.58737482,7.925818,11.5524,11.5021,,,,,,,,,,,498.123
2024-04-15,0.01284221,-0.01244911,-0.01365192,-0.02724381,-0.0215104,46.123,-0.94369786,8.586617,-8.566,19.2889,,,,,,,,,,,504.52
2024-04-16,-0.01447911,-0.00182284,-0.04021813,-0.0304052,-0.04786389,42.8641,-1.39040653,8.279715,10.8122,9.7215,,,,,,,,,,,497.215
2024-04-16,0.0124594,-0.00220011,-0.0020478,-0.03067355,-0.01741641,46.3276,-1.76834334,8.350807,-11.4707,14.9669,,,,,,,,,,,503.41
2024-04-17,-0.0181522,-0.00591897,-0.03250861,-0.026395,-0.04746194,42.2584,-2.22512424,8.261464,8.1191,5.5722,,,,,,,,,,,494.272
2024-04-17,0.01264081,-0.00574085,0.00481206,-0.02659497,-0.02412965,45.766,-2.60262318,8.523359,-9.6286,13.9068,,,,,,,,,,,500.52
2024-04-18,-0.0145149,-0.00205757,-0.02232815,-0.03567526,-0.05059283,42.5308,-3.02061754,8.312405,10.6786,3.7757,,,,,,,,,,,493.255
2024-04-18,0.01249861,-0.00219771,0.0044347,-0.03596178,-0.01424102,46.0181,-3.33683811,8.493305,-8.5792,13.5811,,,,,,,,,,,499.42
2024-04-19,-0.02096432,-0.00872774,-0.0287241,-0.03071308,-0.04710399,41.4211,-3.73212944,8.357711,6.1507,3.4887,,,,,,,,,,,488.95
2024-04-19,0.01275182,-0.00847984,0.00184716,-0.0307215,-0.03270577,44.948,-4.04827691,8.582161,-8.4658,13.6993,,,,,,,,,,,495.185
2024-04-22,-0.00349768,0.00920953,-0.01411932,-0.00937519,-0.04838007,44.1527,-4.31665177,8.483078,-3.6053,6.4308,,,,,,,,,,,493.453
2024-04-22,0.01233552,0.00879469,0.01274189,-0.00987077,-0.02474356,47.6578,-4.43406198,8.513358,-16.053,16.2067,,,,,,,,,,,499.54
2024-04-23,-0.00046443,0.01186537,-0.00022426,0.00420945,-0.03729297,47.5353,-4.44429094,8.373618,-8.4979,12.0891,,,,,,,,,,,499.308
2024-04-23,0.01240116,0.01193098,0.03384804,0.00415169,-0.01424903,51.1435,-4.27788536,8.257074,-19.2743,23.283,,,,,,,,,,,505.5
2024-04-24,-0.0127181,-0.00047466,0.00784757,0.00970923,-0.03902838,47.4915,-4.10231271,7.97014,10.1897,14.9748,,,,,,,,,,,499.071
2024-04-24,0.01320253,0.00031652,0.02473792,0.01026932,-0.00396319,51.3276,-3.81572447,7.991487,-32.0298,27.5092,,,,,,,,,,,505.66
2024-04-25,-0.01678005,-0.00379906,-0.00473436,0.00794721,-0.03310028,46.6057,-3.60125366,8.004238,20.8577,22.4641,,,,,,,,,,,497.175
2024-04-25,0.01278222,-0.00421232,0.0084557,0.00822955,-0.0155874,50.2939,-3.33362926,7.937864,-10.4244,31.9011,,,,,,,,,,,503.53
2024-04-26,-0.00326495,0.00947554,-0.00714936,0.02645669,-0.03120162,49.3444,-3.06534959,7.824445,-1.3619,24.9297,,,,,,,,,,,501.886
2024-04-26,0.01257058,0.00926459,0.01828197,0.02627301,0.00743791,53.0109,-2.70307991,7.836556,-19.0958,32.3728,,,,,,,,,,,508.195
2024-04-29,-0.00891784,0.00354064,-0.00394929,0.02069093,-0.01412661,50.2,-2.36703442,7.526802,7.8338,22.2516,,,,,,,,,,,503.663
2024-04-29,0.01272081,0.00368953,0.02593654,0.02107939,0.02398404,53.92,-1.95742693,7.494316,-14.8086,34.248,,,,,,,,,,,510.07
2024-04-30,-0.02820397,-0.01584194,-0.01558199,-0.00725805,-0.01751368,45.6706,-1.74824335,7.536865,44.1738,18.4448,,,,,,,,,,,495.684
2024-04-30,0.01326652,-0.01531162,0.00074519,-0.0064095,0.01014652,49.4758,-1.56674651,7.986803,5.852,24.7225,,,,,,,,,,,502.26
2024-05-01,-0.01629634,-0.00324602,-0.02778461,-0.0100106,-0.01854353,45.2295,-1.5391335,8.01096,24.4342,10.2975,,,,,,,,,,,494.075
2024-05-01,0.01221474,-0.00428065,-0.00705432,-0.01097575,0.01181131,48.7239,-1.50962653,8.445534,-1.3073,16.6348,,,,,,,,,,,500.11
2024-05-02,-0.00282738,0.00935283,-0.0222989,0.00305928,-0.00364421,47.952,-1.49959805,8.295139,-2.4728,10.2854,,,,,,,,,,,498.696
2024-05-02,0.01270112,0.00983784,0.01885475,0.00297897,0.02387203,51.6476,-1.39783087,8.214344,-28.2906,18.9352,,,,,,,,,,,505.03
2024-05-03,-0.00030097,0.01239633,0.00521244,0.00596151,0.01092868,51.553,-1.24313759,8.164748,-10.7188,14.3122,,,,,,,,,,,504.878
2024-05-03,0.01262087,0.0123161,0.03476193,0.00601147,0.04560794,55.253,-0.95888563,8.128837,-25.6053,25.5858,,,,,,,,,,,511.25
2024-05-06,-0.00226699,0.01032527,0.01995761,0.0127625,0.03010188,54.4386,-0.62463542,7.931063,2.9314,20.3834,,,,,,,,,,,510.091
2024-05-06,0.01264284,0.01034719,0.03578132,0.01268453,0.04678662,58.1362,-0.17225554,7.828773,-13.9987,33.6605,,,,,,,,,,,516.54
2024-05-07,-0.01139505,0.00110372,0.01113597,0.03020069,0.02224847,53.8413,0.23693615,7.421003,16.2146,23.7186,,,,,,,,,,,510.654
2024-05-07,0.01292656,0.00138421,0.02451483,0.02985506,0.03594375,57.6224,0.70238288,7.455646,-9.4007,32.9854,,,,,,,,,,,517.255
2024-05-08,-0.01266493,9.791e-05,-0.00106797,0.03365683,0.01029476,52.9838,1.07257145,7.108814,11.3933,20.1646,,,,,,,,,,,510.704
2024-05-08,0.0127197,-0.00010633,0.01393673,0.03417248,0.03632549,56.7056,1.46484343,7.100042,-11.2881,30.1407,,,,,,,,,,,517.2
2024-05-09,-0.00687162,0.00576068,-0.00560266,0.02997818,0.01579322,54.1787,1.79035265,6.843039,4.9879,18.6186,,,,,,,,,,,513.646
2024-05-09,0.01268189,0.00572312,0.01861534,0.02995862,0.04623121,57.8832,2.15679902,6.822036,-12.8365,31.0912,,,,,,,,,,,520.16
2024-05-10,-0.01125038,0.00128883,-0.00569738,0.01867778,0.02140488,53.6841,2.43141326,6.552248,13.3843,13.1477,,,,,,,,,,,514.308
2024-05-10,0.01264223,0.00124962,0.01978837,0.01869927,0.03770577,57.3833,2.7322671,6.677944,-6.8291,31.6877,,,,,,,,,,,520.81
2024-05-13,-0.01235191,0.00013416,-0.00545824,0.00840242,0.01216462,52.883,2.924934,6.410234,9.3059,12.8128,,,,,,,,,,,514.377
2024-05-13,0.01272996,0.00022081,0.01417124,0.00848918,0.03427292,56.6129,3.13749451,6.540789,-6.3728,28.3282,,,,,,,,,,,520.925
2024-05-14,-0.00803955,0.00458807,-0.00658067,0.01191218,0.01307075,53.6857,3.2774131,6.307161,14.9334,12.7776,,,,,,,,,,,516.737
2024-05-14,0.01265247,0.00451121,0.01743508,0.01163836,0.05566248,57.3898,3.46130646,6.363292,-16.1277,26.5159,,,,,,,,,,,523.275
2024-05-15,-0.00026563,0.01238348,0.00446612,0.02434287,0.04156413,57.2849,3.65301568,6.394843,10.3124,17.1284,,,,,,,,,,,523.136
2024-05-15,0.01273856,0.01246954,0.02998384,0.02436195,0.07230684,60.9683,3.93756828,6.433354,-14.3016,32.2202,,,,,,,,,,,529.8
2024-05-16,-0.01461117,-0.00205874,0.0021769,0.01637898,0.04388834,55.0318,4.13291894,6.186829,24.0908,15.2718,,,,,,,,,,,522.059
2024-05-16,0.0129698,-0.00183088,0.02340262,0.01666795,0.06042559,58.8098,4.36072655,6.415341,-8.9245,29.8846,,,,,,,,,,,528.83
2024-05-17,-0.01138362,0.00143853,-0.00088863,0.01653095,0.03520583,54.4312,4.49095093,6.114245,11.1371,16.7074,,,,,,,,,,,522.81
2024-05-17,0.01281536,0.00128586,0.01218421,0.01670475,0.04878802,58.1645,4.64984426,6.156085,-14.3597,30.513,,,,,,,,,,,529.51
2024-05-20,-0.01151631,0.00115147,-0.01205738,0.01756494,0.02378875,53.841,4.71048931,5.887079,14.1303,13.6067,,,,,,,,,,,523.412
2024-05-20,0.01268217,0.00101981,0.0153067,0.01751692,0.03912831,57.5408,4.80154439,6.048573,-14.4121,23.472,,,,,,,,,,,530.05
2024-05-21,-0.01010093,0.00245313,-0.00781726,0.01540242,0.01578968,53.7955,4.81052299,5.791532,15.9854,7.6068,,,,,,,,,,,524.696
2024-05-21,0.01266257,0.00243373,0.01631568,0.01541255,0.04050884,57.493,4.86262396,5.863851,-22.2072,27.8563,,,,,,,,,,,531.34
2024-05-22,-0.01534799,-0.00287976,-0.01194501,9.367e-05,0.01146436,51.9931,4.7978308,5.715005,27.493,11.3271,,,,,,,,,,,523.185
2024-05-22,0.01264371,-0.00289833,0.01220453,0.0,0.03739152,55.6955,4.75777048,5.88929,-13.632,27.654,,,,,,,,,,,529.8
2024-05-23,-0.019698,-0.00730334,-0.02016036,-0.00516225,0.00418407,49.2432,4.55796803,6.065055,44.3512,8.3114,,,,,,,,,,,519.364
2024-05-23,0.01270015,-0.00724802,0.00240901,-0.00542707,0.02397371,52.9531,4.36336309,6.608694,14.7517,21.5876,,,,,,,,,,,525.96
2024-05-24,-0.00600806,0.00661578,-0.01607257,-1.913e-05,0.00507536,51.0288,4.12185642,6.444502,16.9314,9.9027,,,,,,,,,,,522.8
2024-05-24,0.0127391,0.0066545,0.01199385,-9.443e-05,0.02946095,54.7602,3.96047469,6.515609,-40.5589,21.5952,,,,,,,,,,,529.46
2024-05-28,-0.01188947,0.00069816,-0.01252359,-0.0004719,0.0045218,50.8187,3.74831385,6.293065,23.6727,11.2502,,,,,,,,,,,523.165
2024-05-28,0.01283534,0.00079326,0.02024784,-0.00032072,0.03013937,54.5747,3.61403821,6.368203,-28.483,23.2076,,,,,,,,,,,529.88
2024-05-29,-0.01958557,-0.00700162,-0.0122785,-0.00989907,-0.00273168,48.4201,3.3618064,6.235475,56.0519,9.0653,,,,,,,,,,,519.502
2024-05-29,0.01273912,-0.00709595,0.00635042,-0.00982422,0.01815817,52.1277,3.14678845,6.347084,-11.4092,23.1165,,,,,,,,,,,526.12
2024-05-30,-0.01912872,-0.00663328,-0.02531636,-0.01362616,-0.01379581,46.6376,2.7986296,6.235863,14.7074,9.4141,,,,,,,,,,,516.056
2024-05-30,0.01277768,-0.00659545,-0.00098439,-0.01349566,-0.00092901,50.3289,2.48409646,6.443587,-16.8814,21.5932,,,,,,,,,,,522.65
2024-05-31,-0.00362384,0.00910754,-0.01721899,0.0026802,-0.01707059,49.2745,2.17124819,6.636188,-22.0854,17.968,,,,,,,,,,,520.756
2024-05-31,0.01263356,0.00896393,0.0150779,0.00261427,0.01010614,52.9608,1.97587137,6.805746,-31.498,31.8647,,,,,,,,,,,527.335
2024-06-03,-0.0116719,0.0008142,-0.00938949,-0.0030987,-0.0144659,49.3477,1.76166252,6.798907,12.9866,23.929,,,,,,,,,,,521.18
2024-06-03,0.01264438,0.0008249,0.02269909,-0.00319193,0.00948719,53.0416,1.64800371,6.882557,-15.9189,36.1438,,,,,,,,,,,527.77
2024-06-04,-0.01138185,0.00111862,-0.00169712,-0.00267984,-0.01463051,49.4981,1.5037316,6.690231,12.2594,27.8989,,,,,,,,,,,521.763
2024-06-04,0.01262451,0.00109896,0.01458265,-0.00288745,0.00943425,53.1909,1.44949906,6.738215,-25.7644,40.3209,,,,,,,,,,,528.35
2024-06-05,-0.00073058,0.01188471,0.00119279,0.01628868,-0.00393548,52.9466,1.44508245,6.709771,-4.0735,34.6558,,,,,,,,,,,527.964
2024-06-05,0.01266374,0.01192391,0.0258452,0.01621303,0.01897099,56.6601,1.57549861,6.709144,-19.492,40.9275,,,,,,,,,,,534.65
2024-06-06,-0.01252408,-1.894e-05,0.00034864,0.02305564,-0.00637257,52.2155,1.67316705,6.425634,15.3645,26.5682,,,,,,,,,,,527.954
2024-06-06,0.01264504,-3.741e-05,0.02466062,0.02292165,0.02187563,55.9275,1.84788812,6.498874,-11.5822,37.1588,,,,,,,,,,,534.63
2024-06-07,-0.0136861,-0.00121412,-0.00196271,0.01259131,-0.00469422,51.2302,1.94079494,6.345741,18.3245,22.2769,,,,,,,,,,,527.313
2024-06-07,0.01270024,-0.00115968,0.01145154,0.01265799,0.02819988,54.959,2.0799751,6.574402,-8.4099,33.6518,,,,,,,,,,,534.01
2024-06-10,-0.00949046,0.00308925,-0.01067614,0.01489313,0.00566963,51.7354,2.15526478,6.349088,6.1864,22.0743,,,,,,,,,,,528.942
2024-06-10,0.0127859,0.0031741,0.0146812,0.01503496,0.02468439,55.4874,2.28954976,6.395438,-15.215,32.1651,,,,,,,,,,,535.705
2024-06-11,-0.01024631,0.00240858,-0.00825618,0.01620084,0.00142787,51.9571,2.36098028,6.292907,7.9614,19.8934,,,,,,,,,,,530.216
2024-06-11,0.01281365,0.00243604,0.01838946,0.01639065,0.02646393,55.713,2.49228349,6.328699,-14.327,33.9306,,,,,,,,,,,537.01
2024-06-12,-0.00454368,0.00821175,0.00104867,0.01251222,0.00885106,54.0779,2.60962141,6.384507,17.5208,21.7384,,,,,,,,,,,534.57
2024-06-12,0.01255214,0.00795143,0.02332581,0.01240064,0.04192092,57.7502,2.81316139,6.604185,-4.9763,34.737,,,,,,,,,,,541.28
2024-06-13,-0.01040681,0.0020147,-0.00010827,0.01457135,0.01810804,53.8565,2.96377826,6.399243,9.6981,23.5119,,,,,,,,,,,535.647
2024-06-13,0.01251384,0.0019768,0.02288501,0.01443989,0.05095183,57.5263,3.17351576,6.488797,-12.0245,35.2784,,,,,,,,,,,542.35
2024-06-14,-0.01175809,0.00060861,-0.00193106,0.01642288,0.02549125,53.1921,3.30033975,6.23674,16.9645,22.3144,,,,,,,,,,,535.973
2024-06-14,0.01271892,0.00081128,0.01537684,0.01644164,0.04231156,56.928,3.46978594,6.278187,-14.2591,33.0246,,,,,,,,,,,542.79
2024-06-17,-0.00470163,0.00795749,-0.00192507,0.02135584,0.02446832,55.1533,3.60844025,6.324245,12.098,23.3792,,,,,,,,,,,540.238
2024-06-17,0.01260926,0.00784834,0.02128827,0.0211777,0.04963736,58.8417,3.82098342,6.456228,-14.4578,34.6535,,,,,,,,,,,547.05
2024-06-18,-0.00994242,0.00254147,-0.00136259,0.02149124,0.02622544,54.9553,3.97321197,6.130069,8.4342,21.7482,,,,,,,,,,,541.611
2024-06-18,0.01268253,0.00261402,0.02333513,0.02135901,0.05120524,58.6682,4.18019155,6.187135,-16.53,36.3539,,,,,,,,,,,548.48
2024-06-20,-0.01520566,-0.00271597,-0.00488218,0.01041959,0.02231475,52.9604,4.26805047,6.098054,22.4384,20.0067,,,,,,,,,,,540.14
2024-06-20,0.01275595,-0.00264367,0.01257224,0.01062297,0.03611231,56.7076,4.37683933,6.374622,-7.2914,32.1053,,,,,,,,,,,547.03
2024-06-21,-0.01391514,-0.00133669,-0.01395119,0.00704008,0.00891798,51.7982,4.36162307,6.20572,15.5381,18.6554,,,,,,,,,,,539.418
2024-06-21,0.00866119,-0.00537448,0.00457709,0.00320826,0.03056327,54.4072,4.33407847,6.206169,12.6526,26.0401,,,,,,,,,,,544.09
2024-06-24,-0.01181055,-0.00325165,-0.01971995,0.00315501,0.00567495,50.3689,4.18784931,6.072157,39.9481,9.1568,,,,,,,,,,,537.664
2024-06-24,0.00938504,-0.00253635,0.00475803,-0.00014739,0.02919898,53.3001,4.04585759,6.301003,-11.6049,21.2348,,,,,,,,,,,542.71
2024-06-25,-0.00548175,0.00385185,-0.01333565,-0.00093107,0.01072077,51.3737,3.85727952,6.048074,3.6196,9.8545,,,,,,,,,,,539.735
2024-06-25,0.00933792,0.00380498,0.00993107,-0.00415867,0.02993334,54.3818,3.72100636,6.006426,-22.0135,23.0355,,,,,,,,,,,544.775
2024-06-26,-0.00801615,0.00124691,-0.00676726,-0.00222115,0.00877909,51.414,3.54650669,5.806681,12.5659,10.6262,,,,,,,,,,,540.408
2024-06-26,0.0095798,0.00148685,0.01473225,-0.00527822,0.0289863,54.5786,3.43170775,5.807061,-13.4177,23.4662,,,,,,,,,,,545.585
2024-06-27,-0.00792727,0.00157659,-0.00267178,0.00207354,0.00791419,51.5573,3.28352163,5.560128,20.0676,11.0951,,,,,,,,,,,541.26
2024-06-27,0.00944093,0.00143882,0.01229307,-0.00120652,0.02207382,54.7449,3.19622048,5.559047,-19.9093,27.1198,,,,,,,,,,,546.37
2024-06-28,-0.01324926,-0.00393341,-0.01036024,-0.00053205,-0.00397022,49.7506,3.02887847,5.685544,43.8241,12.91,,,,,,,,,,,539.131
2024-06-28,0.00923523,-0.00413639,0.00685038,3.676e-05,0.01579958,52.9312,2.89267435,6.074362,-11.2123,21.5684,,,,,,,,,,,544.11
2024-07-01,-0.00711253,0.00205701,-0.00979682,0.0047911,-0.00389048,50.2679,2.71479034,5.880479,11.7389,12.7365,,,,,,,,,,,540.24
2024-07-01,0.0091811,0.00200327,0.00727931,0.00458809,0.01721542,53.4975,2.59305348,5.862588,-25.7228,22.4082,,,,,,,,,,,545.2
2024-07-02,-0.00242847,0.00673034,-0.00456467,0.00767228,0.00200077,52.5171,2.48585649,5.826689,-9.8299,17.1253,,,,,,,,,,,543.876
2024-07-02,0.00936611,0.00691489,0.01824974,0.00770043,0.01616325,55.8681,2.46899827,5.787997,-37.6871,28.0771,,,,,,,,,,,548.97
2024-07-03,-0.00485819,0.00446241,0.00403044,0.01090842,-0.00136551,53.7301,2.4614686,5.601711,6.4427,19.9999,,,,,,,,,,,546.303
2024-07-03,0.00903711,0.00413502,0.02036132,0.01036502,0.01777844,57.0098,2.53333738,5.596018,-21.001,33.3664,,,,,,,,,,,551.24
2024-07-05,-0.00324178,0.00576603,0.00780081,0.0151369,0.00177399,55.477,2.61691955,5.477016,8.029,27.1799,,,,,,,,,,,549.453
2024-07-05,0.009595,0.00632211,0.01994756,0.01529184,0.02700226,58.981,2.78160912,5.485229,-15.237,38.6339,,,,,,,,,,,554.725
2024-07-08,-0.0083609,0.00115387,0.00203472,0.02032159,0.00558836,54.8884,2.90816552,5.24057,14.1884,24.6107,,,,,,,,,,,550.087
2024-07-08,0.0093767,0.0009374,0.01636821,0.02046461,0.02934088,58.3497,3.07985106,5.305029,-10.9471,32.9691,,,,,,,,,,,555.245
2024-07-09,-0.00832605,0.00097257,-0.00112111,0.01921738,0.01200537,54.3263,3.19004577,5.064313,12.4204,15.002,,,,,,,,,,,550.622
2024-07-09,0.00953104,0.00112563,0.01167889,0.0195708,0.0338613,57.8771,3.33238064,5.167076,-11.394,27.9894,,,,,,,,,,,555.87
2024-07-10,0.0003616,0.00989608,0.00242643,0.02242239,0.02461904,58.0118,3.48301058,5.212285,1.6018,21.5494,,,,,,,,,,,556.071
2024-07-10,0.00929558,0.00966053,0.02027497,0.02235095,0.03984363,61.4264,3.70547333,5.239551,-11.2275,33.3422,,,,,,,,,,,561.24
2024-07-11,-0.01775355,-0.008623,-0.0071482,0.00910301,0.01193337,52.5541,3.7938823,5.329583,26.7245,15.1832,,,,,,,,,,,551.276
2024-07-11,0.00933108,-0.00858813,0.01052991,0.009397,0.02962947,56.0809,3.86705692,5.736327,1.7342,25.7883,,,,,,,,,,,556.42
2024-07-12,-0.00299594,0.00630719,-0.00200946,0.00964596,0.01680398,54.6629,3.89143718,5.844446,0.5902,15.8873,,,,,,,,,,,554.753
2024-07-12,0.00929603,0.00627224,0.00690379,0.00934697,0.03445664,58.1854,3.95736357,6.061772,-8.73,25.529,,,,,,,,,,,559.91
2024-07-15,-0.00648497,0.00275077,-0.00883936,0.0112564,0.01813606,54.9482,3.9789242,6.000716,12.4255,15.7981,,,,,,,,,,,556.279
2024-07-15,0.00942153,0.00287546,0.01858234,0.01130132,0.04152794,58.5343,4.0460953,6.177522,-10.0447,20.8262,,,,,,,,,,,561.52
2024-07-16,-0.00345847,0.00593048,0.00567557,0.01626524,0.02842808,56.7323,4.0981276,5.996271,0.9288,13.2945,,,,,,,,,,,559.578
2024-07-16,0.00938564,0.00589471,0.01816484,0.01611888,0.04551681,60.2925,4.21239569,5.965609,-19.4605,24.5861,,,,,,,,,,,564.83
2024-07-17,-0.02318928,-0.01402128,-0.01460592,-0.00780296,0.01198092,49.3799,4.14111002,6.126637,67.645,12.4852,,,,,,,,,,,551.732
2024-07-17,0.00966592,-0.0137475,0.00141296,-0.00743889,0.02425001,53.1019,4.03290622,6.313877,13.9527,20.427,,,,,,,,,,,557.065
2024-07-18,-0.01718471,-0.00768489,-0.02498219,-0.00686408,-0.00269231,46.4934,3.74531165,6.512171,10.9462,10.9798,,,,,,,,,,,547.492
2024-07-18,0.00969512,-0.0076562,-0.0121127,-0.00650588,0.01189267,50.1945,3.43650432,6.904731,-12.0326,19.1401,,,,,,,,,,,552.8
2024-07-19,-0.01617945,-0.00664119,-0.0371333,-0.01964298,-0.01339525,44.5967,2.98006064,6.85225,14.3823,8.5447,,,,,,,,,,,543.856
2024-07-19,0.00934806,-0.00698263,-0.00506043,-0.01959243,-0.00093366,48.1373,2.52932899,7.086661,-6.4513,14.859,,,,,,,,,,,548.94
2024-07-22,0.00095275,0.01030971,-0.01364652,-0.01225284,-0.00948578,48.5019,2.10838493,7.032613,-11.8454,11.7895,,,,,,,,,,,549.463
2024-07-22,0.00944013,0.01040187,0.01307416,-0.01223465,0.00829505,52.0986,1.80612785,6.944355,-21.057,22.0896,,,,,,,,,,,554.65
2024-07-23,-0.01090598,-0.0015688,-0.00759588,-0.01961657,-0.01196589,47.8974,1.4934815,6.695473,13.3546,11.6898,,,,,,,,,,,548.601
2024-07-23,0.00927632,-0.00173082,0.01808199,-0.01972275,0.00557188,51.4448,1.26850087,6.788939,-7.9787,20.5905,,,,,,,,,,,553.69
2024-07-24,-0.03164587,-0.0226631,-0.02326666,-0.02820935,-0.03544354,41.075,0.82781682,7.261158,23.5538,9.3259,,,,,,,,,,,536.168
2024-07-24,0.00940377,-0.02253969,-0.01502012,-0.02846167,-0.026725,44.5393,0.35359085,7.671218,3.1782,17.3214,,,,,,,,,,,541.21
2024-07-25,-0.01447682,-0.00520919,-0.03835752,-0.02578485,-0.04964899,40.5497,-0.24260761,7.837916,5.5176,7.6911,,,,,,,,,,,533.375
2024-07-25,0.00940239,-0.00521055,-0.0186128,-0.02606729,-0.02337486,44.007,-0.803438,8.283065,-6.3891,10.8178,,,,,,,,,,,538.39
2024-07-26,0.00177938,0.0111985,-0.02590258,-0.00828896,-0.03068186,44.669,-1.29558518,8.319989,-9.0401,8.6861,,,,,,,,,,,539.348
2024-07-26,0.00926489,0.01106076,0.01525082,-0.00837068,-0.0187615,48.1146,-1.63620677,8.285133,-16.7218,15.8176,,,,,,,,,,,544.345
2024-07-29,-0.00859749,0.00058775,-0.00285471,-0.01783196,-0.0361576,45.2712,-1.93493654,8.002623,6.4641,10.0076,,,,,,,,,,,539.665
2024-07-29,0.00971899,0.00103794,0.02162644,-0.01756062,-0.02043759,48.9149,-2.10365839,7.958507,-12.0263,18.6703,,,,,,,,,,,544.91
2024-07-30,-0.01464279,-0.00506611,-0.00270993,-0.02127229,-0.04379007,44.1043,-2.30455473,8.0204,18.0369,13.6797,,,,,,,,,,,536.931
2024-07-30,0.00938482,-0.00539539,0.00486143,-0.02116708,-0.03146657,47.6086,-2.42943926,8.1903,-3.628,22.0127,,,,,,,,,,,541.97
2024-07-31,0.00680665,0.01625535,0.00241391,0.01770154,-0.03394119,50.0762,-2.43574139,8.42885,-21.4623,22.3703,,,,,,,,,,,545.659
2024-07-31,0.0086336,0.01549901,0.01983638,0.01692504,-0.00246859,53.1133,-2.28667518,8.381861,-22.6618,26.1488,,,,,,,,,,,550.37
2024-08-01,-0.02259934,-0.01416086,-0.01280578,0.00854371,-0.03434608,45.281,-2.24127065,8.885942,34.8431,18.4785,,,,,,,,,,,537.932
2024-08-01,0.00975588,-0.01306394,0.01163837,0.0088969,-0.00787591,48.7173,-2.17438234,9.456089,1.2404,22.4478,,,,,,,,,,,543.18
2024-08-02,-0.02810118,-0.01861945,-0.02593132,-0.02119596,-0.04501447,40.7097,-2.33610716,9.822083,13.5397,17.8737,,,,,,,,,,,527.916
2024-08-02,0.00947878,-0.01888877,-0.02334608,-0.02098853,-0.02010826,43.9616,-2.54748402,9.763648,-0.8664,22.3757,,,,,,,,,,,532.92
2024-08-05,-0.03823838,-0.02912206,-0.06873194,-0.05025896,-0.06630597,35.4375,-3.09821394,10.684102,1.2176,19.7053,,,,,,,,,,,512.542
2024-08-05,0.00947825,-0.02912257,-0.03816839,-0.0504854,-0.05835334,38.499,-3.74820562,10.861309,-3.4781,21.9203,,,,,,,,,,,517.4
2024-08-06,-0.00025705,0.00921876,-0.0477061,-0.03662296,-0.06739926,38.4453,-4.41991802,10.967644,-3.4321,18.5585,,,,,,,,,,,517.267
2024-08-06,0.00928534,0.0090259,-0.01107373,-0.0367179,-0.0483612,41.6154,-4.98332932,11.069812,-7.0801,22.1417,,,,,,,,,,,522.07
2024-08-07,-0.01582163,-0.0066832,-0.03585904,-0.05836796,-0.07202586,37.9917,-5.5697501,11.246111,8.7573,16.4276,,,,,,,,,,,513.81
2024-08-07,0.00939063,-0.00657958,0.01188781,-0.05766121,-0.03270057,41.2119,-6.050177,11.711032,-1.0389,18.8387,,,,,,,,,,,518.635
2024-08-08,0.01359723,0.02311555,0.01601662,-0.0227631,-0.02868203,45.6542,-6.31268408,11.778458,-14.1476,21.2202,,,,,,,,,,,525.687
2024-08-08,0.00936489,0.02308946,0.02579519,-0.0231415,-0.00518397,48.5756,-6.33191072,11.608211,-12.6296,27.7395,,,,,,,,,,,530.61
2024-08-09,-0.00490756,0.00441137,0.01137012,0.00017048,-0.01928713,47.1323,-6.22475959,11.204053,0.213,23.5589,,,,,,,,,,,528.006
2024-08-09,0.00930671,0.00435348,0.03719274,0.0,-0.01191809,50.1427,-5.95142688,10.864049,-5.3992,28.3631,,,,,,,,,,,532.92
2024-08-12,-0.00870112,0.00052462,0.01860268,0.03071163,-0.02950702,47.3999,-5.64867944,10.429475,3.2169,24.6273,,,,,,,,,,,528.283
2024-08-12,0.00947787,0.00069429,0.01446298,0.03071125,-0.01181288,50.5456,-5.25060771,10.212869,-27.0227,34.5969,,,,,,,,,,,533.29
2024-08-13,0.00690244,0.01644573,0.01198809,0.03809251,-0.01456938,52.7814,-4.74296072,10.125521,-13.4083,38.7043,,,,,,,,,,,536.971
2024-08-13,0.00934687,0.01631383,0.02648455,0.0381558,0.00942207,55.7207,-4.1023604,9.830841,-9.5403,41.1982,,,,,,,,,,,541.99
2024-08-14,-0.0061348,0.00315473,0.01078023,0.04837391,-0.00609812,53.3513,-3.45570717,9.474353,6.2794,31.6208,,,,,,,,,,,538.665
2024-08-14,0.0094957,0.00330264,0.02933466,0.04848304,-0.00344354,56.4213,-2.74967562,9.245827,-3.453,38.8768,,,,,,,,,,,543.78
2024-08-15,0.00757292,0.01714052,0.02739223,0.04225138,-0.00449152,58.7736,-1.97147087,9.269697,2.7881,37.5356,,,,,,,,,,,547.898
2024-08-15,0.0092572,0.01690022,0.02979491,0.04214018,0.02795521,61.5282,-1.10340998,8.99629,-5.8631,47.0301,,,,,,,,,,,552.97
2024-08-16,-0.00695155,0.00224129,0.01316629,0.03999955,0.01094665,58.3464,-0.28334805,8.622269,5.1156,42.1176,,,,,,,,,,,549.126
2024-08-16,0.00927656,0.00226052,0.02887695,0.03996848,0.04982611,61.2091,0.54555766,8.427393,-4.0765,47.5483,,,,,,,,,,,554.22
2024-08-19,0.00028328,0.00956247,0.01948766,0.04939398,0.04026308,61.2974,1.33781527,8.236151,3.1307,39.738,,,,,,,,,,,554.377
2024-08-19,0.00922297,0.00950886,0.02115722,0.04912899,0.09159835,64.1584,2.1440969,8.049997,-5.1711,48.4313,,,,,,,,,,,559.49
2024-08-20,-0.01075086,-0.00162705,0.00091325,0.03073537,0.06972362,58.6643,2.81604924,7.726069,10.4592,36.6577,,,,,,,,,,,553.475
2024-08-20,0.00935002,-0.00150137,0.01734392,0.03073857,0.08000317,61.7029,3.4447275,7.698492,-2.8508,39.5176,,,,,,,,,,,558.65
2024-08-21,-0.00585877,0.00343647,0.00208762,0.03102485,0.06379796,58.7608,3.95325602,7.675743,4.3982,32.8905,,,,,,,,,,,555.377
2024-08-21,0.00947645,0.00356216,0.01129737,0.03100519,0.09114264,61.9062,4.43477691,7.608047,-5.8717,42.1308,,,,,,,,,,,560.64
2024-08-22,-0.01716253,-0.00784872,-0.01514236,0.00569449,0.0624389,53.8236,4.71050669,7.650329,21.0208,26.737,,,,,,,,,,,551.018
2024-08-22,0.0095133,-0.0078125,0.00503184,0.00594969,0.05815818,57.1091,4.91569323,7.969734,3.0381,29.6726,,,,,,,,,,,556.26
2024-08-23,0.001102,0.01062579,-0.00318088,0.01410787,0.04949586,57.49,5.06448461,7.888325,-6.7844,24.505,,,,,,,,,,,556.873
2024-08-23,0.00936838,0.01048071,0.01208728,0.01420014,0.0645523,60.6897,5.2418199,7.768944,-14.0659,33.5255,,,,,,,,,,,562.09
2024-08-26,-0.01164226,-0.00238295,-0.00908604,0.00210867,0.04245665,55.0884,5.3113969,7.561163,25.5004,22.9786,,,,,,,,,,,555.546
2024-08-26,0.00942136,-0.00233059,0.0177163,0.00230567,0.06151438,58.3958,5.38118541,7.617794,-4.6383,27.623,,,,,,,,,,,560.78
2024-08-27,-0.00797461,0.00137162,8.629e-05,0.00511857,0.04316226,54.69,5.3638351,7.340809,13.5419,20.6876,,,,,,,,,,,556.308
2024-08-27,0.0094498,0.00139984,0.00842562,0.00521794,0.04580136,58.0594,5.3644245,7.225894,-12.8834,32.518,,,,,,,,,,,561.565
2024-08-28,-0.01511134,-0.00580434,-0.01603124,-0.00413773,0.02045979,51.413,5.22861149,7.181901,44.3099,23.9403,,,,,,,,,,,553.079
2024-08-28,0.00953028,-0.00572507,0.00504729,-0.00408462,0.03654405,54.8689,5.08660228,7.27898,-3.5396,28.9715,,,,,,,,,,,558.35
2024-08-29,-0.00935256,8.859e-05,-0.01364528,0.00382928,0.01719078,50.9988,4.85324643,7.223338,21.9724,16.3663,,,,,,,,,,,553.128
2024-08-29,0.00936854,-7.164e-05,0.00359873,0.00368533,0.01900354,54.4335,4.64648342,7.458957,-18.671,25.4003,,,,,,,,,,,558.31
2024-08-30,0.00017732,0.00954752,-0.00562001,0.00275826,0.00983598,54.4991,4.45821636,7.43046,-17.6116,21.5782,,,,,,,,,,,558.409
2024-08-30,0.00924233,0.00942129,0.01896836,0.00263303,0.02630362,57.9026,4.36359104,7.40007,-36.7151,30.5604,,,,,,,,,,,563.57
2024-09-03,-0.02954912,-0.0205799,-0.0204764,-0.01553247,-0.01317708,45.9572,4.05698456,7.875779,55.2203,19.8978,,,,,,,,,,,546.917
2024-09-03,0.00958646,-0.02024593,-0.00175005,-0.01537145,-0.00399908,49.4903,3.70798754,8.301295,13.1455,24.7331,,,,,,,,,,,552.16
2024-09-04,-0.01152202,-0.00204601,-0.02241049,-0.01889241,-0.02447229,45.5951,3.24076269,8.063345,16.692,16.3657,,,,,,,,,,,545.798
2024-09-04,0.00921953,-0.00240872,-0.01357249,-0.01911622,-0.0047789,49.0133,2.79682391,8.103964,-8.4645,23.7764,,,,,,,,,,,550.83
2024-09-05,-0.01154621,-0.00243313,-0.03389109,-0.01556559,-0.02538262,45.1519,2.28290776,8.003609,5.0702,17.2104,,,,,,,,,,,544.47
2024-09-05,0.00912814,-0.00252346,0.00461313,-0.01595773,-0.01069004,48.5622,1.82616173,8.09478,-11.1514,20.0232,,,,,,,,,,,549.44
2024-09-06,-0.02572255,-0.01682921,-0.03052195,-0.03221858,-0.04518586,40.7945,1.19954626,8.385153,10.5629,9.4173,,,,,,,,,,,535.307
2024-09-06,0.00962625,-0.01634391,-0.00978018,-0.03197149,-0.0191609,44.2933,0.57878722,8.947856,-3.749,14.9994,,,,,,,,,,,540.46
2024-09-09,0.00155423,0.01119544,-0.01730116,-0.03063883,-0.0268939,44.8652,0.00632264,8.826581,-9.199,12.5279,,,,,,,,,,,541.3
2024-09-09,0.00949566,0.01106465,0.0036182,-0.03039551,-0.01873497,48.3593,-0.42387109,8.653968,-14.9704,19.9767,,,,,,,,,,,546.44
2024-09-10,-0.00509114,0.00435618,-0.01052344,-0.00595886,-0.0327919,46.6366,-0.78575984,8.44797,0.5708,17.4822,,,,,,,,,,,543.658
2024-09-10,0.00938458,0.00424566,0.02513137,-0.00615764,-0.01221501,50.1443,-1.00267521,8.250258,-9.9919,25.1065,,,,,,,,,,,548.76
2024-09-11,0.00086559,0.01025829,0.01623617,0.0062972,-0.0205874,50.4707,-1.10748935,8.760954,-8.1582,29.0123,,,,,,,,,,,549.235
2024-09-11,0.00909447,0.00996793,0.02388694,0.0061725,-0.00373534,53.8895,-1.0543296,9.233029,-20.4004,44.3069,,,,,,,,,,,554.23
2024-09-12,-0.00066579,0.00842262,0.01358063,0.01724797,-0.0137188,53.5952,-0.90842574,9.049241,-8.8533,47.099,,,,,,,,,,,553.861
2024-09-12,0.00938683,0.00871479,0.02833031,0.01750874,0.01081401,57.1465,-0.62702269,8.870724,-19.9039,53.4211,,,,,,,,,,,559.06
2024-09-13,-0.00412478,0.00522333,0.01456739,0.04006486,-0.00285842,55.1312,-0.31080476,8.520672,6.3927,48.1036,,,,,,,,,,,556.754
2024-09-13,0.0092249,0.00506207,0.02304114,0.03965141,0.01584082,58.6305,0.09330806,8.35891,-6.2143,52.702,,,,,,,,,,,561.89
2024-09-16,-0.00767766,0.00147642,0.0060372,0.03006835,-0.00131468,54.7669,0.46228741,7.99113,5.1075,47.2267,,,,,,,,,,,557.576
2024-09-16,0.00949467,0.00174411,0.01626581,0.03006734,0.00798877,58.3906,0.87331232,7.814192,-8.7282,49.4519,,,,,,,,,,,562.87
2024-09-17,-0.0090003,0.00040891,-0.00224663,0.02602003,-0.0102312,53.9376,1.20632843,7.66925,13.446,32.7243,,,,,,,,,,,557.804
2024-09-17,0.00958401,0.00049745,0.01148802,0.02622276,0.02968092,57.6113,1.55553572,7.742589,-2.5366,38.9523,,,,,,,,,,,563.15
2024-09-18,-0.01243008,-0.0029652,-0.01021552,0.01259024,0.00722617,51.7871,1.78135902,7.750976,14.0149,21.3731,,,,,,,,,,,556.15
2024-09-18,0.00942192,-0.00312528,0.00684032,0.01291882,0.02856735,55.4203,1.99755065,8.088763,-1.9049,28.4731,,,,,,,,,,,561.39
2024-09-19,0.00757049,0.01706374,0.00492121,0.02126707,0.0268867,58.1733,2.25962567,8.331709,-8.3571,27.1525,,,,,,,,,,,565.64
2024-09-19,0.00945831,0.01710041,0.02363913,0.02133939,0.04870792,61.4045,2.61692707,8.250515,-11.9731,33.7984,,,,,,,,,,,570.99
2024-09-20,-0.01107725,-0.00172371,0.00269022,0.01420915,0.02771003,55.9058,2.90830802,8.076907,7.4068,26.5089,,,,,,,,,,,564.665
2024-09-20,0.00595929,-0.00518398,0.02136114,0.01092741,0.06112941,58.0577,3.19015461,7.830342,5.8148,30.792,,,,,,,,,,,568.03
2024-09-23,-0.00343996,0.00249883,0.00834714,0.01524456,0.04739666,56.3384,3.41280446,7.435461,6.248,24.6706,,,,,,,,,,,566.076
2024-09-23,0.00622531,0.00276394,0.00700092,0.01195658,0.05228154,58.7131,3.63512415,7.205356,-3.0456,34.7608,,,,,,,,,,,569.6
2024-09-24,-0.0033427,0.00286181,-0.00576893,0.01773383,0.03889906,56.912,3.80692015,6.959259,6.3112,33.4263,,,,,,,,,,,567.696
2024-09-24,0.00624278,0.00287921,0.01164407,0.01436562,0.0507341,59.4081,3.98590875,6.726455,-12.5941,37.0471,,,,,,,,,,,571.24
2024-09-25,-0.00839577,-0.00220541,-0.00279211,0.01850939,0.03222538,54.783,4.0744206,6.458851,16.0703,24.5675,,,,,,,,,,,566.444
2024-09-25,0.00625128,-0.00219698,0.00690543,0.01531021,0.03777982,57.4189,4.14879158,6.386505,-4.8205,32.7053,,,,,,,,,,,569.985
2024-09-26,-0.00227374,0.00396332,-0.00159937,0.00539035,0.02608845,56.1292,4.18026783,6.273897,4.2824,24.0358,,,,,,,,,,,568.689
2024-09-26,0.0061211,0.00383343,0.00788098,0.00206659,0.03305703,58.8055,4.22921811,6.254405,-10.2086,32.5761,,,,,,,,,,,572.17
2024-09-27,-0.00752399,-0.00144895,-0.0059082,0.00566708,0.01574965,54.3867,4.20823172,6.07909,12.4727,22.448,,,,,,,,,,,567.865
2024-09-27,0.00622507,-0.00134575,0.00874932,0.00593279,0.02630605,57.2288,4.19131795,6.097369,0.5328,27.6714,,,,,,,,,,,571.4
2024-09-30,-0.00220511,0.00400623,0.00027194,0.00717925,0.01468259,55.892,4.14818806,6.111843,3.8724,24.0713,,,,,,,,,,,570.14
2024-09-30,0.00684919,0.00462898,0.00941815,0.00780372,0.02953678,59.0821,4.14373479,6.114568,-22.8861,35.78,,,,,,,,,,,574.045
2024-10-01,-0.01569912,-0.00895745,-0.01247357,-0.00469089,0.00384281,50.0802,4.0105311,6.253671,49.7606,27.1184,,,,,,,,,,,565.033
2024-10-01,0.0063306,-0.0094679,0.00131193,-0.00460402,0.0193724,53.1325,3.85154005,6.407123,10.3401,31.0211,,,,,,,,,,,568.61
2024-10-02,-0.00587221,0.00042121,-0.01072629,-0.00207081,0.00376631,50.0558,3.62267031,6.280185,9.2888,27.5188,,,,,,,,,,,565.271
2024-10-02,0.0062961,0.00038691,-0.00229768,-0.00202637,0.0227996,53.1687,3.41052467,6.160886,-15.1492,34.8835,,,,,,,,,,,568.83
2024-10-03,-0.00807271,-0.00182744,-0.01708403,-0.00782677,0.00507312,48.931,3.13894644,6.028895,19.8623,29.0292,,,,,,,,,,,564.238
2024-10-03,0.00624205,-0.00188105,0.00482627,-0.0077075,0.00374797,52.0854,2.89339074,5.994116,-8.6582,31.0065,,,,,,,,,,,567.76
2024-10-04,0.0028269,0.00908659,0.0013278,0.00264147,-0.00284593,53.4951,2.69603013,5.965965,-23.7712,26.9088,,,,,,,,,,,569.365
2024-10-04,0.00627014,0.00911477,0.0135581,0.00268638,0.01464585,56.5567,2.59003568,5.908396,-30.8792,36.9039,,,,,,,,,,,572.935
2024-10-07,-0.01521464,-0.0090399,-0.00810787,-0.01038692,-0.00671091,48.2106,2.40188634,5.936725,48.9706,28.2472,,,,,,,,,,,564.218
2024-10-07,0.00634861,-0.00896262,0.00631294,-0.01087894,0.00304553,51.3854,2.22378132,6.062102,4.8286,31.9908,,,,,,,,,,,567.8
2024-10-08,0.00308912,0.00945734,0.00315979,0.0080013,-8.076e-05,52.9077,2.08422405,6.056237,-25.8155,30.6279,,,,,,,,,,,569.554
2024-10-08,0.00638394,0.00949278,0.00671801,0.00805473,0.00967771,55.9847,2.02940347,5.925792,-33.026,37.9439,,,,,,,,,,,573.19
2024-10-09,0.00053909,0.00692647,0.0009844,0.01455585,0.00395456,56.2463,2.03087249,5.871093,0.5545,34.1365,,,,,,,,,,,573.499
2024-10-09,0.00622669,0.00676913,0.02277843,0.01448587,0.01875914,59.2602,2.11989018,5.8153,-12.2079,38.1562,,,,,,,,,,,577.07
2024-10-10,-0.00792798,-0.00175066,0.00826876,0.0146339,0.00440362,54.117,2.18129212,5.620636,14.9491,29.4157,,,,,,,,,,,572.495
2024-10-10,0.00647167,-0.00150762,0.01166878,0.01486544,0.01320757,57.3456,2.27630574,5.579519,-7.5965,40.0967,,,,,,,,,,,576.2
2024-10-11,-0.000479,0.00598957,0.0047698,0.01151985,0.00656099,57.0237,2.37781418,5.496696,1.4844,36.5955,,,,,,,,,,,575.924
2024-10-11,0.00638279,0.00590073,0.01063821,0.01163308,0.02066512,60.2261,2.53130111,5.416647,-10.5188,41.289,,,,,,,,,,,579.6
2024-10-14,0.00178399,0.00817816,0.00617603,0.02909514,0.01616031,61.1041,2.72004863,5.434743,4.2334,36.3325,,,,,,,,,,,580.634
2024-10-14,0.00633101,0.00812629,0.02063773,0.02907714,0.02485354,64.1352,2.97345124,5.37769,-6.0188,41.6635,,,,,,,,,,,584.31
2024-10-15,-0.01401311,-0.00777082,-0.00013537,0.01153183,0.00361818,54.0345,3.11668277,5.447498,23.1888,27.1806,,,,,,,,,,,576.122
2024-10-15,0.00659235,-0.00751314,0.00693842,0.01174131,0.02634713,57.3869,3.23684409,5.680391,1.0587,32.8885,,,,,,,,,,,579.92
2024-10-16,-0.00223134,0.0043463,-0.00168047,0.00893986,0.01761489,55.8913,3.30822396,5.551077,-2.0871,28.6201,,,,,,,,,,,578.626
2024-10-16,0.00629768,0.00405228,0.00281761,0.00901104,0.0300723,59.1223,3.39588449,5.452,-8.7804,34.7915,,,,,,,,,,,582.27
2024-10-17,-0.00617239,8.641e-05,-0.00964214,0.0107966,0.01730921,54.8544,3.42407403,5.345429,11.6768,22.0975,,,,,,,,,,,578.676
2024-10-17,0.00629713,8.587e-05,0.01075814,0.01062131,0.03204676,58.1529,3.46384431,5.493184,-2.6595,25.1133,,,,,,,,,,,582.32
2024-10-18,-0.00243509,0.00384671,0.00169334,0.0086435,0.0231471,56.4252,3.47827017,5.320099,1.4206,16.9227,,,,,,,,,,,580.902
2024-10-18,0.00636596,0.00391537,0.01032446,0.00862664,0.02675788,59.781,3.52712617,5.258521,-13.4861,26.6093,,,,,,,,,,,584.6
2024-10-21,-0.00795758,-0.00164227,-0.00398784,-0.00118147,0.01224048,54.1333,3.51274222,5.186484,18.2193,21.2115,,,,,,,,,,,579.948
2024-10-21,0.00650403,-0.0015053,0.00871645,-0.00100974,0.03456465,57.6287,3.51164854,5.161878,-6.406,28.4019,,,,,,,,,,,583.72
2024-10-22,-0.00698965,-0.00053108,-0.00460228,0.00610635,0.02085241,52.93,3.44584449,5.087458,16.943,20.2894,,,,,,,,,,,579.64
2024-10-22,0.00636602,-0.00066813,0.00417971,0.00588012,0.02418735,56.3929,3.39394882,5.070497,-4.5304,32.4412,,,,,,,,,,,583.33
2024-10-23,-0.01540466,-0.00913671,-0.01754362,-0.00740029,0.00201329,47.2722,3.20238923,5.345104,33.5444,24.613,,,,,,,,,,,574.344
2024-10-23,0.00643517,-0.00906862,-0.00328995,-0.00726467,0.00791806,50.7971,2.98500149,5.486239,0.2075,30.3917,,,,,,,,,,,578.04
2024-10-24,-0.00424538,0.00216247,-0.01393476,-0.00533978,-0.00257161,48.4797,2.71686544,5.343651,3.4515,24.4334,,,,,,,,,,,575.586
2024-10-24,0.00633094,0.00205868,-0.00070734,-0.00530636,0.01176429,51.9827,2.48292308,5.280819,-13.7662,31.1042,,,,,,,,,,,579.23
2024-10-25,-0.00663467,-0.00034573,-0.01361665,-0.00949386,-0.00141097,48.2563,2.21570439,5.359332,11.5108,19.7689,,,,,,,,,,,575.387
2024-10-25,0.00629663,-0.00037981,0.00812405,-0.00956209,0.00535835,51.7668,1.9943896,5.623165,-9.691,23.8845,,,,,,,,,,,579.01
2024-10-28,-0.00318475,0.00309183,-0.00151201,-0.00479698,-0.00419945,49.9108,1.77948261,5.485796,0.1448,17.2997,,,,,,,,,,,577.166
2024-10-28,0.0062443,0.00303967,0.00900647,-0.00505379,0.00023423,53.4254,1.63330161,5.483525,-17.6629,23.3043,,,,,,,,,,,580.77
2024-10-29,-0.00459734,0.00161825,-0.00195087,-0.00265682,-0.01062792,50.5931,1.49153885,5.41163,4.7103,18.2643,,,,,,,,,,,578.1
2024-10-29,0.0062273,0.00160132,0.01097175,-0.0027943,0.00968198,54.1245,1.41401318,5.3683,-16.0179,24.6849,,,,,,,,,,,581.7
2024-10-30,-0.00919546,-0.00302543,-0.00459232,0.00349442,-0.0061543,48.5696,1.29225111,5.272707,22.0537,13.9676,,,,,,,,,,,576.351
2024-10-30,0.00627916,-0.00297404,0.00485822,0.00333887,0.00232274,52.148,1.20393921,5.393156,-7.2301,23.0012,,,,,,,,,,,579.97
2024-10-31,-0.0257203,-0.01960264,-0.02706235,-0.01829961,-0.02956876,39.8426,0.90048664,5.831502,38.6492,10.5275,,,,,,,,,,,565.053
2024-10-31,0.00602952,-0.01984585,-0.01667532,-0.01859365,-0.01765409,43.1426,0.53039987,6.163324,11.2431,15.8594,,,,,,,,,,,568.46
2024-11-01,-0.0017996,0.00421907,-0.02451951,-0.01381679,-0.02555811,42.3907,0.12041836,6.229515,-2.8187,9.7772,,,,,,,,,,,567.437
2024-11-01,0.00633198,0.00452099,-0.00923222,-0.01378215,-0.01699426,45.9537,-0.23602672,6.360478,-12.8236,13.656,,,,,,,,,,,571.03
2024-11-04,-0.00843213,-0.00215354,-0.02371674,-0.01897374,-0.03144885,42.1881,-0.61651333,6.235444,10.0412,7.798,,,,,,,,,,,566.215
2024-11-04,0.00629619,-0.00218903,0.00836559,-0.01892315,-0.01753261,45.7337,-0.93384032,6.238269,-5.5846,14.4095,,,,,,,,,,,569.78
2024-11-05,0.00576012,0.01209258,0.00809556,-0.00871476,-0.01825875,48.8442,-1.14045447,6.289821,-20.4013,16.1287,,,,,,,,,,,573.062
2024-11-05,0.0063309,0.01212749,0.01630666,-0.00861269,-0.00508937,52.1119,-1.20636295,6.281263,-23.8022,29.1354,,,,,,,,,,,576.69
2024-11-06,0.01841717,0.02486467,0.02851164,0.01901619,0.00682461,60.1394,-1.00842342,6.921173,-24.43,38.6934,,,,,,,,,,,587.311
2024-11-06,0.0062982,0.02483137,0.04379079,0.01903547,0.02901745,62.4972,-0.59417159,6.888946,-18.176,46.5982,,,,,,,,,,,591.01
2024-11-07,0.00142468,0.00773185,0.03873776,0.04742741,0.02389454,63.0333,-0.05126733,6.799736,3.4417,45.4323,,,,,,,,,,,591.852
2024-11-07,0.00658611,0.00802017,0.03959083,0.0480069,0.03503212,65.4923,0.60612102,6.656754,-4.7504,51.5847,,,,,,,,,,,595.75
2024-11-08,-0.00223919,0.00433216,0.03073748,0.04754537,0.02621756,63.9251,1.27813973,6.459129,4.3649,48.1224,,,,,,,,,,,594.416
2024-11-08,0.00645003,0.00419639,0.01862557,0.04766825,0.039735,66.4127,1.98235622,6.367691,-3.609,50.2896,,,,,,,,,,,598.25
2024-11-11,-0.00546093,0.00095388,0.00672239,0.05080756,0.02758674,62.4603,2.61319621,6.139285,3.7687,43.4359,,,,,,,,,,,594.983
2024-11-11,0.00643212,0.00093606,0.01175632,0.05094949,0.03750048,65.0818,3.22007708,6.069122,-4.0068,41.0584,,,,,,,,,,,598.81
2024-11-12,-0.0094788,-0.00310765,-0.0043911,0.03502588,0.02128898,58.5509,3.68223069,5.987041,7.7705,30.6154,,,,,,,,,,,593.134
2024-11-12,0.00637461,-0.00316461,0.00420413,0.03507084,0.03254627,61.3344,4.08137629,5.998753,-1.9475,35.843,,,,,,,,,,,596.915
2024-11-13,-0.00585175,0.00048556,-0.0080702,0.01040505,0.02015128,57.4932,4.35507476,5.87527,3.3182,26.6883,,,,,,,,,,,593.422
2024-11-13,0.00640017,0.00051096,0.00375977,0.01050744,0.03620884,60.3974,4.58646645,5.86618,-3.7008,34.8125,,,,,,,,,,,597.22
2024-11-14,-0.0127474,-0.00642881,-0.01536881,-0.00379318,0.01661638,52.6345,4.64729668,5.815738,13.4694,21.5473,,,,,,,,,,,589.607
2024-11-14,0.00646702,-0.00636281,0.00048218,-0.00391104,0.05020237,55.7053,4.64827554,5.986257,15.2509,28.1654,,,,,,,,,,,593.42
2024-11-15,-0.0191517,-0.01280853,-0.02489467,-0.0207952,0.02391549,46.1098,4.41977309,6.241524,46.9421,15.5918,,,,,,,,,,,582.055
2024-11-15,0.00633102,-0.01294193,-0.01294526,-0.02091099,0.03225556,49.1673,4.10813316,6.375344,6.7367,20.3612,,,,,,,,,,,585.74
2024-11-18,-0.00222112,0.00409583,-0.02140082,-0.01772151,0.02348213,48.1291,3.73060098,6.216391,-2.2134,14.3484,,,,,,,,,,,584.439
2024-11-18,0.00645234,0.00421689,-0.00236937,-0.01770178,0.03884567,51.3367,3.38322098,6.131363,-12.755,20.8124,,,,,,,,,,,588.21
2024-11-19,-0.00277792,0.0036565,-0.01153315,-0.01105652,0.02947804,49.8968,3.03916946,6.19448,-1.028,20.4972,,,,,,,,,,,586.576
2024-11-19,0.00616118,0.00336614,0.01397634,-0.01126626,0.02988856,53.0343,2.76597229,6.248446,-11.4327,31.6749,,,,,,,,,,,590.19
2024-11-20,-0.00578627,0.00033926,0.001767,-0.01120114,0.01748773,49.8572,2.49071817,6.242128,6.5507,32.218,,,,,,,,,,,586.775
2024-11-20,0.00633122,0.00050831,0.01035352,-0.01126888,0.00541281,53.1456,2.28219786,6.228762,-9.7402,44.5964,,,,,,,,,,,590.49
2024-11-21,-0.00095683,0.00536833,0.00291563,0.00053934,-0.00183584,52.5808,2.11222016,6.331707,-5.9216,44.4763,,,,,,,,,,,589.925
2024-11-21,0.00633979,0.00537689,0.01208539,0.00041286,0.00306327,55.9201,2.03016607,6.420871,-15.0996,51.7986,,,,,,,,,,,593.665
2024-11-22,-0.00322067,0.0030987,0.0026483,0.01666166,-0.00670919,53.833,1.97239021,6.176309,0.0011,47.0414,,,,,,,,,,,591.753
2024-11-22,0.00633203,0.00309097,0.01486941,0.01666268,0.00182364,57.204,1.98814589,6.04493,-17.178,50.8822,,,,,,,,,,,595.5
2024-11-25,-0.00292191,0.00339162,0.00553777,0.01594863,-0.00750522,55.1888,2.01687171,6.017435,6.1749,41.3873,,,,,,,,,,,593.76
2024-11-25,0.006282,0.00334173,0.01282366,0.01577668,0.00421357,58.5591,2.10713423,6.087618,-6.2256,42.9743,,,,,,,,,,,597.49
2024-11-26,-0.00105274,0.00522265,0.00538351,0.01753396,-0.00325479,57.7701,2.21639712,5.927074,-3.4559,35.6584,,,,,,,,,,,596.861
2024-11-26,0.00647387,0.00541432,0.01516173,0.01785018,0.01279812,61.2265,2.38843759,5.820069,-12.8132,40.0962,,,,,,,,,,,600.725
2024-11-27,-0.00944359,-0.00303086,-0.00075231,0.01410592,-0.00312105,54.211,2.49485405,5.659349,14.4902,27.2758,,,,,,,,,,,595.052
2024-11-27,0.00609695,-0.00340422,0.00828618,0.01386984,0.00886047,57.5601,2.60675647,5.666753,-3.0501,34.5483,,,,,,,,,,,598.68
2024-11-29,0.00011525,0.0062129,0.00210715,0.01495783,0.0025602,57.6236,2.7113908,5.595556,-1.3012,27.9268,,,,,,,,,,,598.749
2024-11-29,0.00624803,0.006364,0.00943101,0.01486529,0.02185015,61.0275,2.85949019,5.523802,-9.9939,36.4996,,,,,,,,,,,602.49
2024-12-02,-0.00442829,0.00179207,-0.00150318,0.01363576,0.01078831,57.4813,2.97798529,5.261388,5.8057,26.2176,,,,,,,,,,,599.822
2024-12-02,0.00641524,0.00195854,0.01448277,0.01371956,0.03713567,61.0011,3.12631844,5.205432,-6.6065,34.1296,,,,,,,,,,,603.67
2024-12-03,-0.00591383,0.00046347,0.00237188,0.01067771,0.024516,56.3412,3.22149486,4.963544,7.8179,21.7757,,,,,,,,,,,600.1
2024-12-03,0.00628229,0.00033131,0.00855283,0.010678,0.03324727,59.8309,3.33117007,4.898291,-6.9709,33.6196,,,,,,,,,,,603.87
2024-12-04,-7.286e-05,0.00620897,0.00221746,0.01166938,0.02654834,59.7709,3.43588909,4.836984,8.7738,27.4934,,,,,,,,,,,603.826
2024-12-04,0.00628327,0.00620995,0.01300052,0.0114778,0.035876,63.2005,3.58471208,4.778199,-9.0672,36.568,,,,,,,,,,,607.62
2024-12-05,-0.00787828,-0.00164451,-0.00138652,0.01307617,0.02142191,56.6394,3.66883297,4.592257,18.4499,20.2564,,,,,,,,,,,602.833
2024-12-05,0.00639812,-0.00153056,0.0109815,0.01337943,0.03393976,60.2226,3.76116425,4.665453,-4.3336,33.6987,,,,,,,,,,,606.69
2024-12-06,-0.0044751,0.00189439,0.00017388,0.0087282,0.02283697,56.6724,3.80191279,4.502206,9.2546,19.2108,,,,,,,,,,,603.975
2024-12-06,0.00648206,0.00197795,0.00673042,0.0089628,0.03045302,60.3062,3.86199038,4.54312,-13.0599,31.3246,,,,,,,,,,,607.89
2024-12-09,-0.01155637,-0.00514922,-0.01111715,0.00173885,0.01212805,51.8956,3.81015164,4.490754,28.8122,15.9847,,,,,,,,,,,600.865
2024-12-09,0.00629925,-0.00532991,0.0030141,0.0016234,0.02179457,55.4969,3.74258674,4.6682,3.7966,22.6985,,,,,,,,,,,604.65
2024-12-10,-0.00934921,-0.00310885,-0.01268028,-0.00183803,0.00587238,49.5326,3.56998643,4.5969,31.4701,7.4517,,,,,,,,,,,598.997
2024-12-10,0.00651589,-0.00289424,-0.00177987,-0.00160631,0.01539342,53.267,3.39473332,4.745907,9.0896,19.6876,,,,,,,,,,,602.9
2024-12-11,0.0012075,0.00773126,-0.00701114,-0.00032791,0.01027298,53.9514,3.23088207,4.802271,-12.334,15.6486,,,,,,,,,,,603.628
2024-12-11,0.00653051,0.00774589,0.01115891,-8.229e-05,0.0179422,57.5748,3.13829512,4.799752,-41.3641,25.5611,,,,,,,,,,,607.57
2024-12-12,-0.01160854,-0.00515384,-0.00683536,-0.00384186,-0.00034625,49.9949,2.9755495,4.688341,48.8184,12.2062,,,,,,,,,,,600.517
2024-12-12,0.00644944,-0.00523396,0.00900338,-0.00379106,0.01569275,53.6069,2.83237076,4.827245,-3.3285,22.3345,,,,,,,,,,,604.39
2024-12-13,-0.00660501,-0.00019816,-0.00414994,-0.00592243,0.00286965,49.6278,2.63881625,4.791013,19.7454,12.0374,,,,,,,,,,,600.398
2024-12-13,0.0064324,-0.00021509,0.001047,-0.00597148,0.00920419,53.2436,2.47943518,4.926441,-17.9251,22.0192,,,,,,,,,,,604.26
2024-12-16,-0.00214808,0.0042705,-0.00758431,0.00348997,0.00078342,51.8953,2.32346843,4.825909,-6.0807,15.735,,,,,,,,,,,602.962
2024-12-16,0.00643158,0.00426969,0.01052926,0.00362193,0.01170014,55.5195,2.2343933,4.824987,-31.0183,21.3381,,,,,,,,,,,606.84
2024-12-17,-0.01048382,-0.00411966,-0.00647264,0.00247247,-0.00528766,48.9976,2.08531939,4.762845,42.5339,10.5402,,,,,,,,,,,600.478
2024-12-17,0.00626501,-0.00428449,0.00639909,0.00222259,0.00689885,52.5474,1.96172175,4.757071,-7.6455,22.8726,,,,,,,,,,,604.24
2024-12-18,-0.03584503,-0.02980459,-0.03587694,-0.0348675,-0.03525428,36.7072,1.51054348,5.882637,12.9824,8.6285,,,,,,,,,,,582.581
2024-12-18,0.00654673,-0.02953297,-0.02747603,-0.03485195,-0.02886759,40.1297,0.93510283,7.163092,4.7694,12.2932,,,,,,,,,,,586.395
2024-12-19,-0.0068094,-0.00030725,-0.04027091,-0.03016567,-0.04150291,37.8237,0.24610522,7.162156,6.0321,5.6092,,,,,,,,,,,582.402
2024-12-19,0.00638391,-0.00046897,-0.02391095,-0.03022883,-0.0277241,41.2112,-0.41919172,7.407574,-5.1393,9.1062,,,,,,,,,,,586.12
2024-12-20,0.00555859,0.01197798,-0.02459619,-0.01835449,-0.02853517,44.086,-0.98182265,7.938461,-25.2301,14.0272,,,,,,,,,,,589.378
2024-12-20,0.00263328,0.00820651,0.01433105,-0.02206004,-0.02159858,45.4544,-1.42361146,8.427143,-14.193,21.8986,,,,,,,,,,,590.93
2024-12-23,0.00334727,0.00598937,0.01110685,-0.01667435,-0.02464591,47.227,-1.73169692,8.370847,-7.0686,24.5629,,,,,,,,,,,592.908
2024-12-23,-0.00649005,-0.0031645,0.01143197,-0.02929932,-0.01964668,44.2166,-1.99727508,8.140644,7.0937,29.6054,,,,,,,,,,,589.06
2024-12-24,0.01771976,0.01111471,0.02282468,-0.00163203,-0.00852063,52.9734,-2.05120405,8.436312,-21.1247,40.821,,,,,,,,,,,599.498
2024-12-24,0.00273896,0.02050725,0.01995663,-0.00513041,0.00357765,54.1916,-1.9387761,8.248718,-17.0233,49.1614,,,,,,,,,,,601.14
2024-12-26,-0.00266494,6.672e-05,0.01456687,0.02910668,-0.00557638,52.7557,-1.74911263,7.973667,1.9309,51.4069,,,,,,,,,,,599.538
2024-12-26,0.00271376,4.159e-05,0.01392628,0.0251878,-0.00408033,54.0863,-1.49103749,7.713405,-4.7545,52.7662,,,,,,,,,,,601.165
2024-12-27,-0.01320436,-0.01052644,0.00707398,0.01858682,-0.02360716,47.1143,-1.32685974,7.905305,17.3878,48.2912,,,,,,,,,,,593.227
2024-12-27,0.00297188,-0.01027172,-0.00751962,0.01513342,-0.00920374,48.6961,-1.19898971,7.831711,5.7685,47.4601,,,,,,,,,,,594.99
2024-12-30,-0.01434142,-0.01141216,-0.02442526,-0.00495607,-0.02967124,42.1283,-1.2339861,8.028018,19.9993,46.9981,,,,,,,,,,,586.457
2024-12-30,0.00305734,-0.01132792,-0.01882783,-0.00453522,-0.02023325,43.8422,-1.33781067,7.973159,2.9797,44.0684,,,,,,,,,,,588.25
2024-12-31,-0.00667573,-0.0036388,-0.0280156,-0.01447948,-0.03299408,40.9796,-1.5389366,7.847934,8.051,38.3546,,,,,,,,,,,584.323
